"코드","종목명","액면가"
"005930","삼성전자","100"
"000660","SK하이닉스","5,000"
"373220","LG에너지솔루션","500"
"207940","삼성바이오로직스","2,500"
"005935","삼성전자우","100"
"005380","현대차","5,000"
"000270","기아","5,000"
"068270","셀트리온","1,000"
"005490","POSCO홀딩스","5,000"
"051910","LG화학","5,000"
"006400","삼성SDI","5,000"
"035420","NAVER","100"
"028260","삼성물산","100"
"105560","KB금융","5,000"
"003670","포스코퓨처엠","500"
"035720","카카오","100"
"012330","현대모비스","5,000"
"055550","신한지주","5,000"
"032830","삼성생명","500"
"086790","하나금융지주","5,000"
"138040","메리츠금융지주","500"
"066570","LG전자","5,000"
"015760","한국전력","5,000"
"003550","LG","5,000"
"000810","삼성화재","500"
"323410","카카오뱅크","5,000"
"034730","SK","200"
"018260","삼성에스디에스","500"
"033780","KT&G","5,000"
"024110","기업은행","5,000"
"096770","SK이노베이션","5,000"
"011200","HMM","5,000"
"259960","크래프톤","100"
"017670","SK텔레콤","100"
"450080","에코프로머티","500"
"034020","두산에너빌리티","5,000"
"316140","우리금융지주","5,000"
"047050","포스코인터내셔널","5,000"
"009150","삼성전기","5,000"
"329180","HD현대중공업","5,000"
"402340","SK스퀘어","100"
"030200","KT","5,000"
"042700","한미반도체","100"
"010130","고려아연","5,000"
"012450","한화에어로스페이스","5,000"
"352820","하이브","500"
"010950","S-Oil","2,500"
"022100","포스코DX","500"
"003490","대한항공","5,000"
"009540","HD한국조선해양","5,000"
"459580","KODEX CD금리액티브(합성)","0"
"042660","한화오션","5,000"
"326030","SK바이오팜","500"
"001570","금양","500"
"010140","삼성중공업","1,000"
"357870","TIGER CD금리투자KIS(합성)","0"
"086280","현대글로비스","500"
"069500","KODEX 200","0"
"005830","DB손해보험","500"
"090430","아모레퍼시픽","500"
"161390","한국타이어앤테크놀로지","500"
"000100","유한양행","1,000"
"066970","엘앤에프","500"
"005070","코스모신소재","1,000"
"005387","현대차2우B","5,000"
"088980","맥쿼리인프라","0"
"454910","두산로보틱스","500"
"377300","카카오페이","500"
"051900","LG생활건강","5,000"
"361610","SK아이이테크놀로지","1,000"
"267250","HD현대","1,000"
"028050","삼성엔지니어링","5,000"
"011170","롯데케미칼","5,000"
"449170","TIGER KOFR금리액티브(합성)","0"
"047810","한국항공우주","5,000"
"251270","넷마블","100"
"423160","KODEX KOFR금리액티브(합성)","0"
"241560","두산밥캣","500"
"267260","HD현대일렉트릭","5,000"
"302440","SK바이오사이언스","500"
"006800","미래에셋증권","5,000"
"009830","한화솔루션","5,000"
"011070","LG이노텍","5,000"
"029780","삼성카드","5,000"
"004020","현대제철","5,000"
"032640","LG유플러스","5,000"
"097950","CJ제일제당","5,000"
"078930","GS","5,000"
"128940","한미약품","2,500"
"036570","엔씨소프트","500"
"011790","SKC","5,000"
"307950","현대오토에버","500"
"005940","NH투자증권","5,000"
"180640","한진칼","2,500"
"034220","LG디스플레이","5,000"
"021240","코웨이","500"
"011780","금호석유","5,000"
"079550","LIG넥스원","5,000"
"005385","현대차우","5,000"
"071050","한국금융지주","5,000"
"000720","현대건설","5,000"
"035250","강원랜드","500"
"271560","오리온","500"
"016360","삼성증권","5,000"
"003410","쌍용C&E","100"
"272210","한화시스템","5,000"
"064350","현대로템","5,000"
"039490","키움증권","5,000"
"018880","한온시스템","100"
"006260","LS","5,000"
"004990","롯데지주","200"
"273130","KODEX 종합채권(AA-이상)액티브","0"
"133690","TIGER 미국나스닥100","0"
"001450","현대해상","500"
"052690","한전기술","200"
"465680","KODEX 24-12 은행채(AA+이상)액티브","0"
"000120","CJ대한통운","5,000"
"008930","한미사이언스","500"
"088350","한화생명","5,000"
"360750","TIGER 미국S&P500","0"
"001040","CJ","5,000"
"383220","F&F","100"
"036460","한국가스공사","5,000"
"175330","JB금융지주","5,000"
"138930","BNK금융지주","5,000"
"010620","현대미포조선","5,000"
"081660","휠라홀딩스","1,000"
"002380","KCC","5,000"
"010120","LS ELECTRIC","5,000"
"028670","팬오션","1,000"
"007660","이수페타시스","1,000"
"051915","LG화학우","5,000"
"008770","호텔신라","5,000"
"007070","GS리테일","1,000"
"102110","TIGER 200","0"
"282330","BGF리테일","1,000"
"004370","농심","5,000"
"002790","아모레G","500"
"112610","씨에스윈드","500"
"012750","에스원","500"
"298040","효성중공업","5,000"
"122630","KODEX 레버리지","0"
"000880","한화","5,000"
"014680","한솔케미칼","5,000"
"023530","롯데쇼핑","5,000"
"457190","이수스페셜티케미컬","5,000"
"030000","제일기획","200"
"381180","TIGER 미국필라델피아반도체나스닥","0"
"278530","KODEX 200TR","0"
"009420","한올바이오파마","500"
"371460","TIGER 차이나전기차SOLACTIVE","0"
"000990","DB하이텍","5,000"
"139480","이마트","5,000"
"381170","TIGER 미국테크TOP10 INDXX","0"
"278470","에이피알","500"
"000150","두산","5,000"
"010060","OCI홀딩스","5,000"
"111770","영원무역","500"
"020150","롯데에너지머티리얼즈","500"
"006040","동원산업","1,000"
"002710","TCC스틸","1,000"
"026960","동서","500"
"073240","금호타이어","5,000"
"051600","한전KPS","200"
"455890","KBSTAR 머니마켓액티브","0"
"000240","한국앤컴퍼니","500"
"004170","신세계","5,000"
"017800","현대엘리베이","5,000"
"007310","오뚜기","5,000"
"042670","HD현대인프라코어","1,000"
"047040","대우건설","5,000"
"011210","현대위아","5,000"
"298050","효성첨단소재","5,000"
"204320","HL만도","1,000"
"145720","덴티움","500"
"139130","DGB금융지주","5,000"
"003620","KG모빌리티","5,000"
"005850","에스엘","500"
"185750","종근당","2,500"
"001740","SK네트웍스","2,500"
"252670","KODEX 200선물인버스2X","0"
"003230","삼양식품","5,000"
"006280","녹십자","5,000"
"000080","하이트진로","5,000"
"018670","SK가스","5,000"
"005420","코스모화학","1,000"
"137310","에스디바이오센서","500"
"006110","삼아알미늄","500"
"248070","솔루엠","500"
"069620","대웅제약","2,500"
"305540","TIGER 2차전지테마","0"
"003690","코리안리","500"
"375500","DL이앤씨","5,000"
"148020","KBSTAR 200","0"
"014820","동원시스템즈","5,000"
"012510","더존비즈온","500"
"336260","두산퓨얼셀","100"
"102780","KODEX 삼성그룹","0"
"006360","GS건설","5,000"
"103140","풍산","5,000"
"298020","효성티앤씨","5,000"
"108320","LX세미콘","500"
"009970","영원무역홀딩스","500"
"310970","TIGER MSCI Korea TR","0"
"292150","TIGER TOP10","0"
"004000","롯데정밀화학","5,000"
"305720","KODEX 2차전지산업","0"
"004800","효성","5,000"
"003090","대웅","500"
"069960","현대백화점","5,000"
"009240","한샘","1,000"
"285130","SK케미칼","5,000"
"280360","롯데웰푸드","500"
"192820","코스맥스","500"
"353200","대덕전자","500"
"385540","KBSTAR 종합채권(A-이상)액티브","0"
"005300","롯데칠성","500"
"395400","SK리츠","500"
"004490","세방전지","500"
"001440","대한전선","1,000"
"214980","KODEX 단기채권PLUS","0"
"294870","HDC현대산업개발","5,000"
"233740","KODEX 코스닥150레버리지","0"
"008730","율촌화학","500"
"315930","KODEX Top5PlusTR","0"
"039130","하나투어","500"
"161890","한국콜마","500"
"120110","코오롱인더","5,000"
"001120","LX인터내셔널","5,000"
"267270","HD현대건설기계","5,000"
"192080","더블유게임즈","500"
"082640","동양생명","5,000"
"023590","다우기술","500"
"089860","롯데렌탈","5,000"
"003530","한화투자증권","5,000"
"000210","DL","5,000"
"017860","DS단석","500"
"610063","메리츠 KIS CD금리투자 ETN","0"
"281820","케이씨텍","500"
"336370","솔루스첨단소재","100"
"453850","ACE 미국30년국채액티브(H)","0"
"365550","ESR켄달스퀘어리츠","1,000"
"000670","영풍","5,000"
"001800","오리온홀딩스","500"
"272580","TIGER 단기채권액티브","0"
"003030","세아제강지주","5,000"
"010780","아이에스동서","500"
"089590","제주항공","1,000"
"003850","보령","500"
"181710","NHN","500"
"003540","대신증권","5,000"
"000400","롯데손해보험","1,000"
"214320","이노션","500"
"001430","세아베스틸지주","5,000"
"006650","대한유화","5,000"
"271940","일진하이솔루스","500"
"003240","태광산업","5,000"
"020560","아시아나항공","5,000"
"360200","ACE 미국S&P500","0"
"009900","명신산업","500"
"379800","KODEX 미국S&P500TR","0"
"348950","제이알글로벌리츠","1,000"
"195870","해성디에스","5,000"
"093370","후성","500"
"300720","한일시멘트","500"
"006120","SK디스커버리","5,000"
"069260","TKG휴켐스","1,000"
"229200","KODEX 코스닥150","0"
"002840","미원상사","500"
"330590","롯데리츠","500"
"085620","미래에셋생명","5,000"
"007340","DN오토모티브","500"
"002350","넥센타이어","500"
"005250","녹십자홀딩스","500"
"139260","TIGER 200 IT","0"
"470260","TIGER 24-12 금융채(AA-이상)","0"
"000815","삼성화재우","500"
"100090","SK오션플랜트","500"
"001060","JW중외제약","2,500"
"453530","TIGER 24-04 회사채(A+이상)액티브","0"
"192650","드림텍","100"
"105630","한세실업","500"
"456040","OCI","5,000"
"114090","GKL","500"
"009450","경동나비엔","1,000"
"462010","TIGER 2차전지소재Fn","0"
"091160","KODEX 반도체","0"
"066575","LG전자우","5,000"
"000640","동아쏘시오홀딩스","5,000"
"161000","애경케미칼","500"
"170900","동아에스티","5,000"
"016380","KG스틸","5,000"
"079160","CJ CGV","500"
"396500","TIGER Fn반도체TOP10","0"
"379810","KODEX 미국나스닥100TR","0"
"032350","롯데관광개발","500"
"403550","쏘카","100"
"025540","한국단자","500"
"367380","ACE 미국나스닥100","0"
"157450","TIGER 단기통안채","0"
"447820","TIGER 24-10 회사채(A+이상)액티브","0"
"148070","KOSEF 국고채10년","0"
"294400","KOSEF 200TR","0"
"268280","미원에스씨","500"
"001680","대상","1,000"
"091180","KODEX 자동차","0"
"178920","PI첨단소재","500"
"001530","DI동일","500"
"064960","SNT모티브","5,000"
"192400","쿠쿠홀딩스","100"
"344820","KCC글라스","1,000"
"082740","HSD엔진","1,000"
"019170","신풍제약","500"
"436140","SOL 종합채권(AA-이상)액티브","0"
"114800","KODEX 인버스","0"
"005440","현대지에프홀딩스","500"
"381970","케이카","500"
"293940","신한알파리츠","1,000"
"001720","신영증권","5,000"
"005880","대한해운","500"
"003280","흥아해운","500"
"000070","삼양홀딩스","5,000"
"356540","ACE 종합채권(AA-이상)KIS액티브","0"
"152100","ARIRANG 200","0"
"103590","일진전기","1,000"
"272450","진에어","1,000"
"030190","NICE평가정보","500"
"371160","TIGER 차이나항셍테크","0"
"007700","F&F홀딩스","500"
"049770","동원F&B","1,000"
"153130","KODEX 단기채권","0"
"550057","QV 코스피 변동성 매칭형 양매도 ETN","0"
"030610","교보증권","5,000"
"090460","비에이치","500"
"057050","현대홈쇼핑","5,000"
"003570","SNT다이내믹스","2,500"
"033240","자화전자","500"
"460860","동국제강","5,000"
"458730","TIGER 미국배당다우존스","0"
"031430","신세계인터내셔날","1,000"
"530031","삼성 레버리지 WTI원유 선물 ETN","0"
"329750","TIGER 미국달러단기채권액티브","0"
"229640","LS에코에너지","500"
"091810","티웨이항공","500"
"453540","TIGER 25-10 회사채(A+이상)액티브","0"
"210980","SK디앤디","1,000"
"000370","한화손해보험","5,000"
"293180","HANARO 200","0"
"286940","롯데정보통신","5,000"
"00680","미래에셋증권2우B","5,000"
"383800","LX홀딩스","1,000"
"002240","고려제강","1,000"
"003470","유안타증권","5,000"
"461460","ARIRANG 국고채10년액티브","0"
"005180","빙그레","5,000"
"950210","프레스티지바이오파마","0"
"017960","한국카본","500"
"550082","QV KIS CD금리투자 ETN","0"
"200880","서연이화","500"
"314250","KODEX 미국빅테크10(H)","0"
"500019","신한 레버리지 WTI원유 선물 ETN(H)","0"
"014830","유니드","5,000"
"900140","엘브이엠씨홀딩스","0"
"278540","KODEX MSCI Korea TR","0"
"034310","NICE","500"
"395170","KODEX Fn Top10동일가중","0"
"005610","SPC삼립","5,000"
"145990","삼양사","5,000"
"105190","ACE 200","0"
"284740","쿠쿠홈시스","100"
"001725","신영증권우","5,000"
"002030","아세아","5,000"
"530102","삼성 인버스 2X 천연가스 선물 ETN C","0"
"071320","지역난방공사","5,000"
"012630","HDC","5,000"
"003000","부광약품","500"
"058650","세아홀딩스","5,000"
"020000","한섬","500"
"001470","삼부토건","1,000"
"034120","SBS","5,000"
"475630","TIGER 1년은행양도성예금증서액티브(합성)","0"
"377740","바이오노트","500"
"357120","코람코라이프인프라리츠","500"
"007810","코리아써키트","500"
"446720","SOL 미국배당다우존스","0"
"249420","일동제약","1,000"
"017940","E1","5,000"
"458760","TIGER 미국배당+7%프리미엄다우존스","0"
"097520","엠씨넥스","500"
"196230","KBSTAR 단기통안채","0"
"001940","KISCO홀딩스","1,000"
"011930","신성이엔지","500"
"183190","아세아시멘트","500"
"241590","화승엔터프라이즈","500"
"123890","한국자산신탁","500"
"001200","유진투자증권","5,000"
"003920","남양유업","5,000"
"432320","KB스타리츠","500"
"001390","KG케미칼","1,000"
"006405","삼성SDI우","5,000"
"002310","아세아제지","5,000"
"018250","애경산업","1,000"
"010690","화신","500"
"003545","대신증권우","5,000"
"093050","LF","5,000"
"448730","삼성FN리츠","500"
"011500","한농화성","500"
"453340","현대그린푸드","500"
"016800","퍼시스","1,000"
"251340","KODEX 코스닥150선물인버스","0"
"017810","풀무원","500"
"385560","KBSTAR KIS국고채30년Enhanced","0"
"114260","KODEX 국고채3년","0"
"094800","맵스리얼티1","0"
"004690","삼천리","5,000"
"368590","KBSTAR 미국나스닥100","0"
"306200","세아제강","5,000"
"091170","KODEX 은행","0"
"003300","한일홀딩스","1,000"
"329200","TIGER 리츠부동산인프라","0"
"033270","유나이티드제약","500"
"126560","현대퓨처넷","500"
"084690","대상홀딩스","1,000"
"006220","제주은행","5,000"
"003520","영진약품","500"
"005690","파미셀","500"
"029530","신도리코","5,000"
"009290","광동제약","1,000"
"090435","아모레퍼시픽우","500"
"458250","TIGER 미국채30년스트립액티브(합성 H)","0"
"025860","남해화학","1,000"
"027410","BGF","1,000"
"005389","현대차3우B","5,000"
"451800","한화리츠","500"
"093230","이아이디","200"
"108670","LX하우시스","5,000"
"364980","TIGER 2차전지TOP10","0"
"365780","ACE 국고채10년","0"
"007690","국도화학","5,000"
"060980","HL홀딩스","5,000"
"036530","SNT홀딩스","500"
"001340","백광산업","500"
"004700","조광피혁","5,000"
"004430","송원산업","500"
"273140","KODEX 단기변동금리부채권액티브","0"
"002320","한진","5,000"
"069660","KOSEF 200","0"
"005090","SGC에너지","5,000"
"000680","LS네트웍스","5,000"
"451540","TIGER 종합채권(AA-이상)액티브","0"
"003220","대원제약","500"
"005950","이수화학","5,000"
"00088","한화3우B","5,000"
"467940","KODEX 25-11 회사채(A+이상)액티브","0"
"075580","세진중공업","500"
"000490","대동","1,000"
"000430","대원강업","500"
"001820","삼화콘덴서","1,000"
"003960","사조대림","5,000"
"394660","TIGER 글로벌자율주행&전기차SOLACTIVE","0"
"226490","KODEX 코스피","0"
"051905","LG생활건강우","5,000"
"455030","KODEX 미국달러SOFR금리액티브(합성)","0"
"241180","TIGER 일본니케이225","0"
"520009","미래에셋 레버리지 원유선물혼합 ETN(H)","0"
"161510","ARIRANG 고배당주","0"
"251350","KODEX 선진국MSCI World","0"
"455850","SOL AI반도체소부장","0"
"304660","KODEX 미국채울트라30년선물(H)","0"
"002960","한국쉘석유","5,000"
"001630","종근당홀딩스","2,500"
"302190","TIGER 중장기국채","0"
"394670","TIGER 글로벌리튬&2차전지SOLACTIVE(합성)","0"
"004560","현대비앤지스틸","5,000"
"298690","에어부산","1,000"
"126720","수산인더스트리","200"
"072710","농심홀딩스","5,000"
"570090","한투 KIS CD금리투자 ETN","0"
"088260","이리츠코크렙","500"
"012030","DB","500"
"001780","알루코","500"
"092220","KEC","500"
"00104","CJ4우(전환)","5,000"
"003160","디아이","500"
"439870","KODEX 국고채30년액티브","0"
"104700","한국철강","1,000"
"379780","KBSTAR 미국S&P500","0"
"453870","TIGER 인도니프티50","0"
"077970","STX엔진","2,500"
"084010","대한제강","1,000"
"058430","포스코스틸리온","5,000"
"026890","스틱인베스트먼트","500"
"115390","락앤락","500"
"005810","풍산홀딩스","5,000"
"024720","한국콜마홀딩스","500"
"004380","삼익THK","500"
"001460","BYC","5,000"
"001500","현대차증권","5,000"
"001790","대한제당","500"
"000480","CR홀딩스","500"
"001510","SK증권","500"
"003120","일성신약","1,000"
"097230","HJ중공업","5,000"
"122900","아이마켓코리아","500"
"071970","STX중공업","2,500"
"003580","HLB글로벌","500"
"013890","지누스","500"
"006390","한일현대시멘트","5,000"
"441680","TIGER 미국나스닥100커버드콜(합성)","0"
"102460","이연제약","500"
"017390","서울가스","5,000"
"029460","케이씨","500"
"084680","이월드","1,000"
"272550","삼양패키징","5,000"
"000540","흥국화재","5,000"
"005500","삼진제약","1,000"
"138490","코오롱플라스틱","1,000"
"439860","KODEX ESG종합채권(A-이상)액티브","0"
"008490","서흥","500"
"071055","한국금융지주우","5,000"
"005010","휴스틸","1,000"
"011810","STX","2,500"
"452260","한화갤러리아","500"
"095720","웅진씽크빅","500"
"007570","일양약품","2,500"
"009160","SIMPAC","500"
"037270","YG PLUS","500"
"001270","부국증권","5,000"
"009680","모토닉","500"
"000020","동화약품","1,000"
"035150","백산","500"
"016580","환인제약","500"
"005390","신성통상","500"
"037560","LG헬로비전","2,500"
"053210","스카이라이프","2,500"
"002810","삼영무역","500"
"469830","SOL 초단기채권액티브","0"
"272560","KBSTAR 단기국공채액티브","0"
"034830","한국토지신탁","1,000"
"001230","동국홀딩스","5,000"
"008350","남선알미늄","500"
"002150","도화엔지니어링","500"
"453810","KODEX 인도Nifty50","0"
"298000","효성화학","5,000"
"226320","잇츠한불","500"
"016590","신대양제지","500"
"322000","HD현대에너지솔루션","5,000"
"018470","조일알미늄","500"
"002900","TYM","2,500"
"213500","한솔제지","5,000"
"007460","에이프로젠","500"
"290130","KBSTAR ESG사회책임투자","0"
"245710","ACE 베트남VN30(합성)","0"
"130660","한전산업","500"
"295040","SOL 200TR","0"
"143860","TIGER 헬스케어","0"
"293480","하나제약","500"
"037710","광주신세계","1,000"
"271980","제일약품","500"
"390390","KODEX 미국반도체MV","0"
"402970","ACE 미국배당다우존스","0"
"367770","KBSTAR Fn수소경제테마","0"
"334890","이지스밸류리츠","1,000"
"007860","서연","500"
"096760","JW홀딩스","500"
"036420","콘텐트리중앙","5,000"
"476450","히어로즈 머니마켓액티브","0"
"092230","KPX홀딩스","5,000"
"011760","현대코퍼레이션","5,000"
"000050","경방","500"
"580046","KB 블룸버그 인버스2X 천연가스선물 ETN(H)","0"
"500074","신한 블룸버그 -2X 천연가스 선물 ETN(H)","0"
"001130","대한제분","5,000"
"102260","동성케미컬","1,000"
"143850","TIGER 미국S&P500선물(H)","0"
"071840","롯데하이마트","5,000"
"000155","두산우","5,000"
"450140","코오롱모빌리티그룹","500"
"011280","태림포장","500"
"001520","동양","500"
"377190","디앤디플랫폼리츠","1,000"
"030210","다올투자증권","5,000"
"004360","세방","500"
"422420","KBSTAR 2차전지액티브","0"
"404990","신한서부티엔디리츠","1,000"
"530107","삼성 인버스 2X 코스닥150 선물 ETN","0"
"015360","예스코홀딩스","5,000"
"446770","ACE 글로벌반도체TOP4 Plus SOLACTIVE","0"
"068290","삼성출판사","500"
"008060","대덕","500"
"005720","넥센","500"
"455860","SOL 2차전지소부장Fn","0"
"117580","대성에너지","1,000"
"025000","KPX케미칼","5,000"
"462330","KODEX 2차전지산업레버리지","0"
"001250","GS글로벌","2,500"
"451000","ARIRANG 종합채권(AA-이상)액티브","0"
"464540","KBSTAR 25-03 회사채(AA-이상)액티브","0"
"457480","ACE 테슬라밸류체인액티브","0"
"471230","KODEX 국고채10년액티브","0"
"019680","대교","500"
"194370","제이에스코퍼레이션","100"
"109070","주성코퍼레이션","500"
"456610","TIGER 미국달러SOFR금리액티브(합성)","0"
"462520","조선내화","500"
"500077","신한 인버스0.5X S&P500 VIX S/T선물 ETN","0"
"003200","일신방직","500"
"039570","HDC랩스","500"
"004980","성신양회","5,000"
"074610","이엔플러스","500"
"005945","NH투자증권우","5,000"
"091230","TIGER 반도체","0"
"006840","AK홀딩스","5,000"
"448880","ACE 24-12 회사채(AA-이상)액티브","0"
"015860","일진홀딩스","1,000"
"035510","신세계 I&C","500"
"449180","KODEX 미국S&P500(H)","0"
"004710","한솔테크닉스","5,000"
"020120","키다리스튜디오","500"
"002020","코오롱","5,000"
"339770","교촌에프앤비","500"
"011785","금호석유우","5,000"
"095570","AJ네트웍스","1,000"
"471760","TIGER AI반도체핵심공정","0"
"000500","가온전선","5,000"
"000140","하이트진로홀딩스","5,000"
"200250","KOSEF 인도Nifty50(합성)","0"
"417310","코람코더원리츠","500"
"090350","노루페인트","500"
"451600","ARIRANG 국고채30년액티브","0"
"011330","유니켐","500"
"02826","삼성물산우B","100"
"469820","SOL 24-12 회사채(AA-이상)액티브","0"
"010955","S-Oil우","2,500"
"077500","유니퀘스트","500"
"044450","KSS해운","500"
"011000","진원생명과학","1,000"
"009155","삼성전기우","5,000"
"361580","KBSTAR 200TR","0"
"003555","LG우","5,000"
"234080","JW생명과학","2,500"
"007160","사조산업","5,000"
"002390","한독","500"
"001080","만호제강","1,000"
"027970","한국제지","1,000"
"002100","경농","500"
"192090","TIGER 차이나CSI300","0"
"267850","아시아나IDT","500"
"081000","일진다이아","1,000"
"409820","KODEX 미국나스닥100레버리지(합성 H)","0"
"385550","KBSTAR 단기종합채권(AA-이상)액티브","0"
"448290","TIGER 미국S&P500TR(H)","0"
"570043","한투 레버리지 나스닥 100 ETN","0"
"388420","KBSTAR 비메모리반도체액티브","0"
"009580","무림P&P","2,500"
"460850","동국씨엠","5,000"
"053690","한미글로벌","500"
"005680","삼영전자","500"
"016610","DB금융투자","5,000"
"332940","HANARO MSCI Korea TR","0"
"372330","KODEX 차이나항셍테크","0"
"363280","티와이홀딩스","500"
"760005","키움 INDXX 미국테크탑10 ETN","0"
"328370","ARIRANG 코스피TR","0"
"464230","히어로즈 24-09 회사채(AA-이상)액티브","0"
"016450","한세예스24홀딩스","500"
"004250","NPC","500"
"100250","진양홀딩스","500"
"092790","넥스틸","500"
"000390","삼화페인트","500"
"097955","CJ제일제당 우","5,000"
"028100","동아지질","500"
"107590","미원홀딩스","500"
"002990","금호건설","5,000"
"006060","화승인더","500"
"471990","KODEX AI반도체핵심장비","0"
"139990","아주스틸","500"
"083420","그린케미칼","500"
"015890","태경산업","500"
"105840","우진","500"
"214390","경보제약","500"
"136490","선진","500"
"002620","제일파마홀딩스","500"
"570084","한투 블룸버그 인버스 2X 천연가스선물 ETN","0"
"005430","한국공항","5,000"
"014280","금강공업","1,000"
"364960","TIGER BBIG","0"
"001360","삼성제약","500"
"078520","에이블씨엔씨","500"
"003070","코오롱글로벌","5,000"
"128820","대성산업","5,000"
"453010","ARIRANG KOFR금리","0"
"092200","디아이씨","500"
"010100","한국무브넥스","1,000"
"317400","자이에스앤디","1,000"
"326240","KBSTAR IT플러스","0"
"010580","에스엠벡셀","500"
"530111","삼성 레버리지 천연가스 선물 ETN C","0"
"011700","한신기계","500"
"282690","동아타이어","500"
"100840","SNT에너지","500"
"456600","TIMEFOLIO 글로벌AI인공지능액티브","0"
"007210","벽산","500"
"132030","KODEX 골드선물(H)","0"
"101530","해태제과식품","500"
"465580","ACE 미국빅테크TOP7 Plus","0"
"445290","KODEX K-로봇액티브","0"
"014580","태경비케이","500"
"466940","TIGER 은행고배당플러스TOP10","0"
"010820","퍼스텍","500"
"033530","세종공업","500"
"449190","KODEX 미국나스닥100(H)","0"
"000520","삼일제약","500"
"001020","페이퍼코리아","500"
"412770","TIGER 글로벌메타버스액티브","0"
"058850","KTcs","500"
"008700","아남전자","500"
"013570","디와이","500"
"461950","KODEX 2차전지핵심소재10 Fn","0"
"015230","대창단조","500"
"400760","NH올원리츠","500"
"570022","한투 레버리지 S&P500 선물 ETN(H)","0"
"451530","TIGER 국고채30년스트립액티브","0"
"134380","미원화학","1,000"
"004090","한국석유","500"
"003547","대신증권2우B","5,000"
"329650","KODEX TRF3070","0"
"003830","대한화섬","5,000"
"463290","KTOP 단기금융채액티브","0"
"002170","삼양통상","5,000"
"000320","노루홀딩스","500"
"079430","현대리바트","1,000"
"089470","HDC현대EP","500"
"012320","경동인베스트","5,000"
"016710","대성홀딩스","1,000"
"006890","태경케미컬","500"
"031440","신세계푸드","5,000"
"024900","덕양산업","500"
"002780","진흥기업","500"
"111380","동인기연","100"
"017370","우신시스템","500"
"000970","한국주철관","500"
"190620","ACE 단기통안채","0"
"363570","KODEX 장기종합채권(AA-이상)액티브KAP","0"
"000700","유수홀딩스","2,500"
"012610","경인양행","500"
"411060","ACE KRX금현물","0"
"530036","삼성 인버스 2X WTI원유 선물 ETN","0"
"401470","KODEX K-메타버스액티브","0"
"278620","ARIRANG 단기채권액티브","0"
"219480","KODEX 미국S&P500선물(H)","0"
"033920","무학","200"
"000860","강남제비스코","1,000"
"452360","SOL 미국배당다우존스(H)","0"
"004970","신라교역","500"
"003720","삼영","500"
"275980","TIGER 글로벌4차산업혁신기술(합성 H)","0"
"008260","NI스틸","500"
"000180","성창기업지주","500"
"094280","효성ITX","500"
"210540","디와이파워","500"
"007540","샘표","1,000"
"009470","삼화전기","1,000"
"070960","용평리조트","5,000"
"423920","TIGER 미국필라델피아반도체레버리지(합성)","0"
"079980","휴비스","5,000"
"292560","TIGER 일본엔선물","0"
"003650","미창석유","5,000"
"570019","한투 코스피 양매도 5% OTM ETN","0"
"244580","KODEX 바이오","0"
"474220","TIGER 미국테크TOP10+10%프리미엄","0"
"438330","TIGER 투자등급회사채액티브","0"
"006490","인스코비","500"
"004080","신흥","500"
"017900","광전자","500"
"008040","사조동아원","500"
"451060","KTOP K200액티브","0"
"002210","동성제약","1,000"
"472870","KBSTAR 미국채30년엔화노출(합성 H)","0"
"025820","이구산업","500"
"214420","토니모리","200"
"364970","TIGER 바이오TOP10","0"
"520026","미래에셋 코스피 양매도 5% OTM ETN","0"
"396690","미래에셋글로벌리츠","1,000"
"063160","종근당바이오","2,500"
"009270","신원","500"
"014530","극동유화","500"
"213610","KODEX 삼성그룹밸류","0"
"001750","한양증권","5,000"
"00279","아모레G3우(전환)","500"
"304940","KODEX 미국나스닥100선물(H)","0"
"002700","신일전자","500"
"163560","동일고무벨트","500"
"017550","수산중공업","500"
"003460","유화증권","1,000"
"214330","금호에이치티","500"
"228800","TIGER 여행레저","0"
"448300","TIGER 미국나스닥100TR(H)","0"
"325020","KODEX 배당가치","0"
"004840","DRB동일","500"
"001045","CJ우","5,000"
"473440","ACE 11월만기자동연장회사채AA-이상액티브","0"
"004830","덕성","500"
"462540","SOL 25-09 회사채(AA-이상)액티브","0"
"055490","테이팩스","500"
"372910","한컴라이프케어","200"
"004150","한솔홀딩스","1,000"
"013580","계룡건설","5,000"
"012170","아센디오","500"
"014160","대영포장","500"
"248170","샘표식품","500"
"016740","두올","2,500"
"024090","디씨엠","500"
"363580","KODEX 200IT TR","0"
"023800","인지컨트롤스","500"
"461270","ACE 26-06 회사채(AA-이상)액티브","0"
"401170","KBSTAR iSelect메타버스","0"
"395270","HANARO Fn K-반도체","0"
"012800","대창","500"
"302450","KBSTAR 코스피","0"
"277630","TIGER 코스피","0"
"003060","에이프로젠바이오로직스","500"
"120030","조선선재","500"
"004310","현대약품","500"
"011690","와이투솔루션","2,500"
"033180","KH 필룩스","500"
"278240","KBSTAR 코스닥150선물레버리지","0"
"448600","KBSTAR 25-11 회사채(AA-이상)액티브","0"
"010040","한국내화","500"
"182480","TIGER 미국MSCI리츠(합성 H)","0"
"305080","TIGER 미국채10년선물","0"
"032560","황금에스티","500"
"441540","HANARO Fn조선해운","0"
"002200","한국수출포장","500"
"036580","팜스코","500"
"005960","동부건설","5,000"
"047400","유니온머티리얼","500"
"002450","삼익악기","500"
"332930","HANARO 200TR","0"
"019440","세아특수강","5,000"
"012600","청호ICT","500"
"130730","KOSEF 단기자금","0"
"414780","TIGER 차이나과창판STAR50(합성)","0"
"472150","TIGER 배당프리미엄액티브","0"
"023000","삼원강재","500"
"009070","KCTC","500"
"466400","KTOP 25-08 회사채(A+이상)액티브","0"
"570082","한투 인버스 2X 코스닥150선물 ETN","0"
"267290","경동도시가스","2,500"
"400970","TIGER Fn메타버스","0"
"470320","BNK 24-11 회사채(AA-이상)액티브","0"
"204480","TIGER 차이나CSI300레버리지(합성)","0"
"395290","HANARO Fn K-POP&미디어","0"
"464930","TIGER 글로벌혁신블루칩TOP10","0"
"419890","히어로즈 단기채권ESG액티브","0"
"010660","화천기계","500"
"465350","KBSTAR 2차전지TOP10인버스(합성)","0"
"350520","이지스레지던스리츠","1,000"
"034590","인천도시가스","5,000"
"168580","ACE 중국본토CSI300","0"
"270810","KBSTAR 코스닥150","0"
"472920","HK 종합채권(AA-이상)액티브","0"
"473290","KODEX 26-12 회사채(AA-이상)액티브","0"
"004890","동일산업","5,000"
"003350","한국화장품제조","500"
"000230","일동홀딩스","1,000"
"468820","WOORI 25-09 회사채(AA-이상)액티브","0"
"447770","TIGER 테슬라채권혼합Fn","0"
"261260","KODEX 미국달러선물인버스2X","0"
"462900","KoAct 바이오헬스케어액티브","0"
"007280","한국특강","500"
"096775","SK이노베이션우","5,000"
"232080","TIGER 코스닥150","0"
"456880","ACE 미국달러SOFR금리(합성)","0"
"004720","팜젠사이언스","500"
"067830","세이브존I&C","1,000"
"035000","HS애드","1,000"
"078000","텔코웨어","500"
"610061","메리츠 3X 레버리지 국채30년 ETN","0"
"002460","화성산업","5,000"
"264900","크라운제과","200"
"002600","조흥","5,000"
"023450","동남합성","500"
"017040","광명전기","500"
"500083","신한 KOFR금리 ETN","0"
"004100","태양금속","500"
"058860","KTis","500"
"157490","TIGER 소프트웨어","0"
"012690","모나리자","500"
"300640","KBSTAR 게임테마","0"
"227840","현대코퍼레이션홀딩스","5,000"
"367760","KBSTAR Fn5G테크","0"
"500084","신한 미국달러 SOFR금리 플러스 ETN","0"
"500071","신한 레버리지 코스닥 150 선물 ETN","0"
"325010","KODEX Fn성장","0"
"005870","휴니드","5,000"
"011150","CJ씨푸드","500"
"016880","웅진","500"
"001380","SG글로벌","500"
"123690","한국화장품","500"
"003480","한진중공업홀딩스","5,000"
"004140","동방","1,000"
"044820","코스맥스비티아이","500"
"002720","국제약품","1,000"
"007980","태평양물산","500"
"610054","메리츠 블룸버그 -2X 천연가스 선물 ETN(H)","0"
"013520","화승코퍼레이션","500"
"266420","KODEX 헬스케어","0"
"204210","스타리츠","5,000"
"101140","인바이오젠","500"
"006740","영풍제지","500"
"004540","깨끗한나라","1,000"
"245340","TIGER 미국다우존스30","0"
"092440","기신정기","500"
"011300","성안","500"
"031820","콤텍시스템","500"
"006340","대원전선","500"
"476070","KODEX 글로벌비만치료제TOP2 Plus","0"
"023810","인팩","500"
"244920","에이플러스에셋","500"
"006370","대구백화점","5,000"
"448540","ACE 엔비디아채권혼합블룸버그","0"
"004060","SG세계물산","500"
"005740","크라운해태홀딩스","500"
"700020","하나 블룸버그 -2X 천연가스 선물 ETN(H)","0"
"009410","태영건설","500"
"570051","한투 나스닥 100 ETN","0"
"015590","KIB플러그에너지","500"
"009200","무림페이퍼","2,500"
"308170","씨티알모빌리티","500"
"003610","방림","500"
"476810","KODEX 25-11 은행채(AA-이상)PLUS액티브","0"
"510029","대신 S&P 인버스 2X 천연가스 선물 ETN","0"
"520063","미래에셋 -0.5X S&P500 VIX S/T선물 ETN(H)","0"
"016090","대현","500"
"007590","동방아그로","500"
"000220","유유제약","1,000"
"006880","신송홀딩스","500"
"145210","다이나믹디자인","500"
"570050","한투 S&P500 선물 ETN","0"
"520057","미래에셋 인버스 2X 코스닥150 선물 ETN","0"
"458260","TIGER 미국투자등급회사채액티브(H)","0"
"005800","신영와코루","500"
"010960","삼호개발","500"
"018500","동원금속","500"
"007110","일신석재","500"
"001290","상상인증권","1,000"
"001560","제일연마","500"
"267770","TIGER 200선물레버리지","0"
"461260","ACE 25-06 회사채(AA-이상)액티브","0"
"309230","ACE 미국WideMoat가치주","0"
"283580","KODEX 차이나CSI300","0"
"252710","TIGER 200선물인버스2X","0"
"034300","신세계건설","5,000"
"520056","미래에셋 레버리지 코스닥150 선물 ETN","0"
"013870","지엠비코리아","500"
"357250","미래에셋맵스리츠","1,000"
"021820","세원정공","500"
"000910","유니온","500"
"010600","웰바이오텍","500"
"357430","마스턴프리미어리츠","1,000"
"006090","사조오양","5,000"
"33626","두산퓨얼셀1우","100"
"03473","SK우","200"
"150460","TIGER 중국소비테마","0"
"003925","남양유업우","5,000"
"378850","화승알앤에이","500"
"004960","한신공영","5,000"
"338100","NH프라임리츠","500"
"454780","히어로즈 종합채권(AA-이상)액티브","0"
"008970","동양철관","500"
"041650","상신브레이크","500"
"228810","TIGER 미디어컨텐츠","0"
"510019","대신 인버스 천연가스 선물 ETN(H)","0"
"003780","진양산업","500"
"004770","써니전자","500"
"449450","ARIRANG K방산Fn","0"
"437350","KBSTAR 미국단기투자등급회사채액티브","0"
"463050","TIMEFOLIO K바이오액티브","0"
"204450","KODEX 차이나H레버리지(H)","0"
"437080","KODEX 미국종합채권ESG액티브(H)","0"
"438570","SOL 국고채10년","0"
"139230","TIGER 200 중공업","0"
"002140","고려산업","1,000"
"473330","SOL 미국30년국채커버드콜(합성)","0"
"000105","유한양행우","1,000"
"024890","대원화성","500"
"014790","HL D&I","5,000"
"465780","마이티 26-09 특수채(AAA)액티브","0"
"144600","KODEX 은선물(H)","0"
"100220","비상교육","500"
"011230","삼화전자","1,000"
"000590","CS홀딩스","5,000"
"075180","새론오토모티브","500"
"454320","HANARO CAPEX설비투자iSelect","0"
"009810","플레이그램","100"
"500029","신한 레버리지 은 선물 ETN(H)","0"
"118000","에스메디","500"
"500015","신한 WTI원유 선물 ETN(H)","0"
"027740","마니커","500"
"580021","KB 인버스 천연가스 선물 ETN","0"
"466950","TIGER 글로벌AI액티브","0"
"138540","TIGER 현대차그룹+펀더멘털","0"
"002760","보락","200"
"002920","유성기업","500"
"085310","엔케이","500"
"011420","갤럭시아에스엠","500"
"002220","한일철강","500"
"004910","조광페인트","500"
"000850","화천기공","5,000"
"004270","남성","500"
"017180","명문제약","500"
"058730","다스코","500"
"195980","ARIRANG 신흥국MSCI(합성 H)","0"
"069460","대호에이엘","500"
"003010","혜인","500"
"000890","보해양조","500"
"102280","쌍방울","500"
"119650","KC코트렐","500"
"008110","대동전자","500"
"433330","SOL 미국S&P500","0"
"002360","SH에너지화학","500"
"550044","QV 레버리지 S&P500 ETN","0"
"000650","천일고속","5,000"
"129260","인터지스","500"
"284430","KODEX 200미국채혼합","0"
"155660","DSR","500"
"013700","까뮤이앤씨","500"
"111110","호전실업","500"
"014440","영보화학","500"
"078935","GS우","5,000"
"006660","삼성공조","500"
"001550","조비","5,000"
"004410","서울식품","100"
"009180","한솔로지스틱스","500"
"004450","삼화왕관","5,000"
"002630","오리엔트바이오","500"
"009190","대양금속","500"
"090080","평화산업","500"
"414270","ACE G2전기차&자율주행액티브","0"
"019180","티에이치엔","500"
"261220","KODEX WTI원유선물(H)","0"
"026940","부국철강","500"
"001260","남광토건","5,000"
"174360","KBSTAR 중국본토대형주CSI100","0"
"001620","케이비아이동국실업","500"
"001275","부국증권우","5,000"
"002795","아모레G우","500"
"009440","KC그린홀딩스","500"
"475080","KODEX 테슬라인컴프리미엄채권혼합액티브","0"
"580010","KB Wise 분할매매 ETN","0"
"025560","미래산업","500"
"114820","TIGER 국채3년","0"
"464310","TIGER 글로벌AI&로보틱스 INDXX","0"
"228790","TIGER 화장품","0"
"008250","이건산업","5,000"
"000157","두산2우B","5,000"
"004920","씨아이테크","500"
"411420","KODEX 미국메타버스나스닥액티브","0"
"025750","한솔홈데코","1,000"
"023350","한국종합기술","500"
"009770","삼정펄프","5,000"
"136340","KBSTAR 중기우량회사채","0"
"298770","KODEX 한국대만IT프리미어","0"
"269540","ARIRANG 미국S&P500(H)","0"
"013360","일성건설","500"
"008870","금비","5,000"
"139280","TIGER 경기방어","0"
"465770","STX그린로지스","2,500"
"315960","KBSTAR 대형고배당10TR","0"
"610066","메리츠 KAP 통안채 3개월 ETN","0"
"071090","하이스틸","500"
"152380","KODEX 국채선물10년","0"
"006980","우성","5,000"
"120115","코오롱인더우","5,000"
"520054","미래에셋 레버리지 코스피200 선물 ETN","0"
"005750","대림B&Co","1,000"
"008420","문배철강","500"
"458210","히어로즈 CD금리액티브(합성)","0"
"452250","ACE 미국30년국채선물레버리지(합성 H)","0"
"28513","SK케미칼우","5,000"
"069640","한세엠케이","500"
"092780","동양피스톤","500"
"006805","미래에셋증권우","5,000"
"021050","서원","500"
"476550","TIGER 미국30년국채프리미엄액티브(H)","0"
"014710","사조씨푸드","1,000"
"011390","부산산업","5,000"
"009320","대우부품","500"
"069730","DSR제강","500"
"003560","IHQ","500"
"002880","대유에이텍","500"
"437070","KODEX 아시아달러채권ESG플러스액티브","0"
"458030","WOORI 단기국공채액티브","0"
"003080","성보화학","500"
"580015","KB 레버리지 나스닥 100 ETN","0"
"014130","한익스프레스","500"
"472160","TIGER 미국테크TOP10 INDXX(H)","0"
"610038","메리츠 레버리지 미국채30년 ETN(H)","0"
"760001","키움 미국달러선물 ETN","0"
"143210","핸즈코퍼레이션","500"
"700023","하나 Solactive 2X US Tech Top 10 ETN(H)","0"
"500072","신한 인버스 2X 코스닥 150 선물 ETN","0"
"123700","SJM","500"
"009835","한화솔루션우","5,000"
"010640","진양폴리","500"
"261240","KODEX 미국달러선물","0"
"049800","우진플라임","500"
"005360","모나미","1,000"
"233160","TIGER 코스닥150 레버리지","0"
"580016","KB 레버리지 S&P 500 선물 ETN(H)","0"
"236350","TIGER 인도니프티50레버리지(합성)","0"
"025530","SJM홀딩스","500"
"014990","인디에프","500"
"464240","히어로즈 26-09 회사채(AA-이상)액티브","0"
"418660","TIGER 미국나스닥100레버리지(합성)","0"
"500027","신한 인버스 2X WTI원유 선물 ETN(H)","0"
"225040","TIGER 미국S&P500레버리지(합성 H)","0"
"461500","HANARO 종합채권(AA-이상)액티브","0"
"004440","삼일씨엔에스","1,000"
"091090","세원이앤씨","500"
"261140","TIGER 우선주","0"
"446070","유니드비티플러스","1,000"
"134790","시디즈","500"
"007610","선도전기","500"
"469580","KBSTAR KP달러채권액티브","0"
"440640","ACE 단기채권알파액티브","0"
"012160","영흥","500"
"322400","HANARO e커머스","0"
"435420","TIGER 미국나스닥100TR채권혼합Fn","0"
"470310","UNICORN 생성형AI강소기업액티브","0"
"520071","미래에셋 0.5X 코스닥150 선물 ETN","0"
"500050","신한 레버리지 S&P500 선물 ETN","0"
"000725","현대건설우","5,000"
"004870","티웨이홀딩스","500"
"005305","롯데칠성우","500"
"099140","KODEX 차이나H","0"
"023960","에쓰씨엔지니어링","500"
"009460","한창제지","500"
"37550","DL이앤씨2우(전환)","5,000"
"520070","미래에셋 0.5X 코스피200 선물 ETN","0"
"090370","메타랩스","2,500"
"282000","KBSTAR 국고채3년선물인버스","0"
"256440","ACE 인도네시아MSCI(합성)","0"
"448490","HANARO 32-10 국고채액티브","0"
"412570","TIGER 2차전지TOP10레버리지","0"
"530019","삼성 미국 대형 성장주 ETN","0"
"465660","TIGER 일본반도체FACTSET","0"
"400570","KODEX 유럽탄소배출권선물ICE(H)","0"
"476850","KoAct 배당성장액티브","0"
"33637","솔루스첨단소재1우","100"
"015260","에이엔피","500"
"145270","케이탑리츠","1,000"
"520067","미래에셋 홍콩H 선물 ETN(H)","0"
"033250","체시스","500"
"020760","일진디스플","500"
"580025","KB 레버리지 KRX 2차전지 K-뉴딜 ETN","0"
"051630","진양화학","500"
"003535","한화투자증권우","5,000"
"012280","영화금속","500"
"023150","MH에탄올","500"
"072130","유엔젤","500"
"012200","계양전기","500"
"013000","세우글로벌","500"
"307520","TIGER 지주회사","0"
"371450","TIGER 글로벌클라우드컴퓨팅INDXX","0"
"010770","평화홀딩스","500"
"152870","파워 200","0"
"458750","TIGER 미국배당+3%프리미엄다우존스","0"
"009310","참엔지니어링","500"
"500037","신한 레버리지 금 선물 ETN","0"
"308620","KODEX 미국채10년선물","0"
"006570","대림통상","1,000"
"000040","KR모터스","500"
"245360","TIGER 차이나HSCEI","0"
"453820","KODEX 인도Nifty50레버리지(합성)","0"
"108450","ACE 삼성그룹섹터가중","0"
"000215","DL우","5,000"
"203780","TIGER 미국나스닥바이오","0"
"434060","KODEX TDF2050액티브","0"
"005820","원림","5,000"
"438320","TIGER 차이나항셍테크레버리지(합성 H)","0"
"580020","KB 천연가스 선물 ETN(H)","0"
"407830","에셋플러스 글로벌플랫폼액티브","0"
"365000","TIGER 인터넷TOP10","0"
"006125","SK디스커버리우","5,000"
"006200","한국전자홀딩스","500"
"530015","삼성 미국 대형 성장주 ETN(H)","0"
"005320","국동","500"
"760007","키움 코스피 200 TR ETN","0"
"441640","KODEX 미국배당프리미엄액티브","0"
"276970","KODEX 미국S&P500배당귀족커버드콜(합성 H)","0"
"123320","TIGER 레버리지","0"
"002410","범양건영","1,000"
"395750","ARIRANG ESG가치주액티브","0"
"465330","KBSTAR 2차전지TOP10","0"
"570029","한투 코스피 양매도 3% OTM ETN","0"
"000760","이화산업","5,000"
"429000","TIGER 미국S&P500배당귀족","0"
"570081","한투 레버리지 코스닥150선물 ETN","0"
"354350","HANARO 글로벌럭셔리S&P(합성)","0"
"510026","대신 레버리지 코스닥 150 선물 ETN","0"
"530106","삼성 레버리지 코스닥150 선물 ETN","0"
"122260","KOSEF 통안채1년","0"
"368190","HANARO Fn K-뉴딜디지털플러스","0"
"271050","KODEX WTI원유선물인버스(H)","0"
"500020","신한 레버리지 다우존스지수 선물 ETN(H)","0"
"530020","삼성 미국 대형 가치주 ETN","0"
"456680","TIGER 차이나전기차레버리지(합성)","0"
"388280","KBSTAR Fn컨택트대표","0"
"474590","WOORI 반도체밸류체인액티브","0"
"411540","SOL 200 Top10","0"
"019175","신풍제약우","500"
"395150","KODEX Fn웹툰&드라마","0"
"448330","KODEX 삼성전자채권혼합Wise","0"
"332500","ACE 200TR","0"
"700017","하나 레버리지 코스닥150 선물 ETN","0"
"304780","HANARO 200선물레버리지","0"
"469170","ACE 포스코그룹포커스","0"
"336160","KBSTAR 금융채액티브","0"
"261270","KODEX 미국달러선물인버스","0"
"003465","유화증권우","1,000"
"385510","KODEX K-신재생에너지액티브","0"
"001070","대한방직","1,000"
"133820","화인베스틸","500"
"102970","KODEX 증권","0"
"550066","QV S&P500 버퍼10% 9월 ETN","0"
"37550","DL이앤씨우","5,000"
"093240","형지엘리트","500"
"195930","TIGER 유로스탁스50(합성 H)","0"
"419430","KODEX 차이나2차전지MSCI(합성)","0"
"024070","WISCOM","500"
"005030","부산주공","500"
"469070","KBSTAR AI&로봇","0"
"002690","동일제강","500"
"010400","우진아이엔에스","500"
"473490","KOSEF 글로벌AI반도체","0"
"455960","KBSTAR 미국달러SOFR금리액티브(합성)","0"
"570093","한투 레버리지 천연가스 선물 ETN B","0"
"266360","KODEX 미디어&엔터테인먼트","0"
"500082","신한 블룸버그 2X 천연가스 선물 ETN","0"
"530055","삼성 레버리지 금 선물 ETN(H)","0"
"530061","삼성 레버리지 은 선물 ETN(H)","0"
"227540","TIGER 200 헬스케어","0"
"001465","BYC우","5,000"
"123310","TIGER 인버스","0"
"472830","KBSTAR 미국채30년커버드콜(합성)","0"
"000950","전방","5,000"
"371470","TIGER 차이나바이오테크SOLACTIVE","0"
"472170","TIGER 미국테크TOP10채권혼합","0"
"114100","KBSTAR 국고채3년","0"
"337160","KODEX 200ESG","0"
"530100","삼성 블룸버그 인버스 2X WTI원유 선물 ETN","0"
"700022","하나 Solactive US Tech Top 10 ETN(H)","0"
"530016","삼성 미국 대형 가치주 ETN(H)","0"
"530110","삼성 인버스 0.5X S&P500 VIX S/T선물 ETN","0"
"266160","KBSTAR 고배당","0"
"570089","한투 인버스 0.5X S&P500 VIX S/T 선물 ETN","0"
"272910","ACE 중장기국공채액티브","0"
"248270","TIGER S&P글로벌헬스케어(합성)","0"
"003475","유안타증권우","5,000"
"500018","신한 구리 선물 ETN(H)","0"
"438080","ACE 미국S&P500채권혼합액티브","0"
"463300","KBSTAR 중국본토CSI300","0"
"700024","하나 -0.5X S&P500 VIX S/T 선물 ETN(H)","0"
"447620","SOL 미국TOP5채권혼합40 Solactive","0"
"084670","동양고속","5,000"
"084870","TBH글로벌","500"
"500076","신한 S&P500 VIX S/T 선물 ETN D","0"
"009140","경인전자","5,000"
"395160","KODEX Fn시스템반도체","0"
"243880","TIGER 200IT레버리지","0"
"219390","KBSTAR 미국S&P원유생산기업(합성 H)","0"
"008775","호텔신라우","5,000"
"319640","TIGER 골드선물(H)","0"
"520050","미래에셋 인버스 2X 원유선물혼합 ETN(H)","0"
"001420","태원물산","500"
"014910","성문전자","500"
"002420","세기상사","500"
"266370","KODEX IT","0"
"530099","삼성 블룸버그 레버리지 WTI원유 선물 ETN","0"
"434960","대신343 K200","0"
"003680","한성기업","5,000"
"530118","삼성 코스닥 150 TR ETN","0"
"423170","SOL 한국형글로벌반도체액티브","0"
"008600","윌비스","1,000"
"520066","미래에셋 KRX금현물 Auto-KO-C 2810-01 ETN","0"
"002070","비비안","500"
"279530","KODEX 고배당","0"
"138230","KOSEF 미국달러선물","0"
"101280","KODEX 일본TOPIX100","0"
"500016","신한 금 선물 ETN(H)","0"
"530067","삼성 KRX 금현물 ETN","0"
"394350","KOSEF 글로벌퓨처모빌리티","0"
"002820","SUN&L","1,000"
"261250","KODEX 미국달러선물레버리지","0"
"426150","WOORI 대한민국국고채액티브","0"
"001140","국보","500"
"610044","메리츠 인버스 천연가스 선물 ETN(H)","0"
"610064","메리츠 KAP 통안채 6개월 ETN","0"
"520053","미래에셋 인버스 천연가스 선물 ETN(H)","0"
"044380","주연테크","200"
"030720","동원수산","5,000"
"210780","TIGER 코스피고배당","0"
"500069","신한 레버리지 코스피 200 선물 ETN","0"
"530104","삼성 레버리지 코스피200 선물 ETN","0"
"000300","대유플러스","500"
"464470","ARIRANG 미국채30년액티브","0"
"007120","미래아이앤지","500"
"015020","이스타코","500"
"332620","ARIRANG 미국장기우량회사채","0"
"417630","TIGER KEDI혁신기업ESG30","0"
"397410","KBSTAR 국채선물5년추종인버스","0"
"530023","삼성 레버리지 China A50 선물 ETN(H)","0"
"280930","KODEX 미국러셀2000(H)","0"
"011090","에넥스","500"
"530014","삼성 China A50 선물 ETN(H)","0"
"237350","KODEX 코스피100","0"
"426030","TIMEFOLIO 미국나스닥100액티브","0"
"520010","미래에셋 원유선물혼합 ETN(H)","0"
"238720","ACE 일본Nikkei225(H)","0"
"530115","삼성 레버리지 나스닥 100 ETN","0"
"006380","카프로","500"
"002870","신풍","500"
"019685","대교우B","500"
"570079","한투 블룸버그 인버스 2X WTI원유 선물 ETN","0"
"00499","롯데지주우","200"
"445150","KODEX K-친환경선박액티브","0"
"476690","TIGER 글로벌비만치료제TOP2Plus","0"
"375770","KODEX 탄소효율그린뉴딜","0"
"450910","SOL 코스닥150","0"
"363510","SOL KIS단기통안채","0"
"500004","신한 브렌트원유 선물 ETN(H)","0"
"421320","ARIRANG 우주항공&UAM iSelect","0"
"326230","KBSTAR 내수주플러스","0"
"387270","TIGER 글로벌BBIG액티브","0"
"570059","한투 레버리지 금 선물 ETN","0"
"218420","KODEX 미국S&P500에너지(합성)","0"
"276990","KODEX 글로벌로봇(합성)","0"
"001685","대상우","1,000"
"003495","대한항공우","5,000"
"025890","한국주강","500"
"399110","SOL 미국S&P500ESG","0"
"025620","제이준코스메틱","500"
"004365","세방우","500"
"570044","한투 인버스 2X 나스닥 100 ETN","0"
"466920","SOL 조선TOP3플러스","0"
"464920","ARIRANG 일본반도체소부장Solactive","0"
"440340","TIGER 글로벌멀티에셋TIF액티브","0"
"500035","신한 레버리지 미국달러 선물 ETN","0"
"019490","하이트론","500"
"001210","금호전기","500"
"385520","KODEX K-미래차액티브","0"
"385720","TIMEFOLIO Kstock액티브","0"
"289480","TIGER 200커버드콜ATM","0"
"360140","KODEX 200롱코스닥150숏선물","0"
"530113","삼성 레버리지 S&P500 선물 ETN","0"
"570078","한투 블룸버그 레버리지 WTI원유 선물 ETN","0"
"359210","KODEX 코스피TR","0"
"250730","KBSTAR 차이나HSCEI(H)","0"
"088790","진도","500"
"500023","신한 콩 선물 ETN(H)","0"
"500017","신한 은 선물 ETN(H)","0"
"700013","하나 레버리지 콩 선물 ETN(H)","0"
"404260","KODEX KRX기후변화솔루션","0"
"287180","ARIRANG 미국나스닥테크","0"
"385590","ACE ESG액티브","0"
"261120","TIGER 미국달러선물인버스2X","0"
"530088","삼성 레버리지 KRX 2차전지 K-뉴딜 ETN","0"
"550041","QV 미국 IT TOP5 ETN(H)","0"
"407310","HANARO 200 TOP10","0"
"329670","KODEX TRF7030","0"
"329660","KODEX TRF5050","0"
"138520","TIGER 삼성그룹펀더멘털","0"
"261070","TIGER 코스닥150바이오테크","0"
"610002","메리츠 레버리지 인플레이션 국채 ETN","0"
"33626","두산퓨얼셀2우B","100"
"387280","TIGER 퓨처모빌리티액티브","0"
"610022","메리츠 미국채10년 ETN(H)","0"
"272570","KBSTAR 중장기국공채액티브","0"
"473460","KODEX 미국서학개미","0"
"010420","한솔PNS","500"
"590018","미래에셋 중국 심천 100 ETN","0"
"550062","QV 레버리지 금 선물 ETN(H)","0"
"152550","한국ANKOR유전","0"
"610012","메리츠 레버리지 금 선물 ETN(H)","0"
"084695","대상홀딩스우","1,000"
"292190","KODEX KRX300","0"
"005257","녹십자홀딩스2우","500"
"520055","미래에셋 인버스 2X 코스피200 선물 ETN","0"
"001770","SHD","5,000"
"500009","신한 다우존스지수 선물 ETN(H)","0"
"117680","KODEX 철강","0"
"354500","ACE 코스닥150","0"
"244670","KODEX 밸류Plus","0"
"469050","KBSTAR 미국반도체NYSE(H)","0"
"117700","KODEX 건설","0"
"385600","ACE 2차전지&친환경차액티브","0"
"160580","TIGER 구리실물","0"
"446700","KBSTAR 배터리 리사이클링iSelect","0"
"610001","메리츠 인플레이션 국채 ETN","0"
"391600","ACE 미국친환경그린테마INDXX","0"
"610008","메리츠 레버리지 국채30년 ETN","0"
"442260","마이티 다이나믹퀀트액티브","0"
"580056","KB 일본 로보틱스 TOP 10 ETN","0"
"269420","KODEX S&P글로벌인프라(합성)","0"
"276650","KBSTAR 글로벌4차산업IT(합성 H)","0"
"237370","KODEX 배당성장채권혼합","0"
"341850","TIGER 리츠부동산인프라채권TR KIS","0"
"475280","ACE 8월만기자동연장회사채AA-이상액티브","0"
"520065","미래에셋 -2X 미국채울트라30년 선물 ETN","0"
"570073","한투 인버스 2X 구리 선물 ETN","0"
"140700","KODEX 보험","0"
"256750","KODEX 차이나심천ChiNext(합성)","0"
"332610","ARIRANG 미국단기우량회사채","0"
"108675","LX하우시스우","5,000"
"453330","KBSTAR 미국S&P500(H)","0"
"300950","KODEX 게임산업","0"
"580057","KB 일본 컨슈머 TOP 10 ETN","0"
"130680","TIGER 원유선물Enhanced(H)","0"
"550059","QV iSelect 글로벌 EMP ETN(H)","0"
"760008","키움 코스닥 150 TR ETN","0"
"520039","미래에셋 코스닥150 선물 ETN","0"
"441800","TIMEFOLIO Korea플러스배당액티브","0"
"475260","ACE 2월만기자동연장회사채AA-이상액티브","0"
"520038","미래에셋 인버스 코스피200 선물 ETN","0"
"169950","KODEX 차이나A50","0"
"500061","신한 인버스 코스피 200 선물 ETN","0"
"550084","QV 코스피 200 TR ETN","0"
"396510","TIGER 차이나클린에너지SOLACTIVE","0"
"550085","QV 코스닥 150 TR ETN","0"
"139250","TIGER 200 에너지화학","0"
"002355","넥센타이어1우B","500"
"500001","신한 K200 USD 선물 바이셀 ETN","0"
"409810","KODEX 미국나스닥100선물인버스(H)","0"
"252400","KBSTAR 200선물레버리지","0"
"239660","ARIRANG 우량회사채50 1년","0"
"122090","ARIRANG 코스피50","0"
"211900","KODEX 배당성장","0"
"520047","미래에셋 인버스 2X 옥수수 선물 ETN","0"
"610065","메리츠 KIS 통안채 1년 ETN","0"
"007815","코리아써우","500"
"252420","KBSTAR 200선물인버스2X","0"
"304770","HANARO 코스닥150","0"
"580043","KB 레버리지 KOSDAQ 150 선물 ETN","0"
"472350","KTOP 차이나H(H)","0"
"005110","한창","500"
"35320","대덕전자1우","500"
"310960","TIGER 200TR","0"
"520069","미래에셋 -2X 홍콩H 선물 ETN(H)","0"
"760004","키움 인버스 미국달러선물 ETN","0"
"550086","QV 미국달러 SOFR금리 플러스 ETN","0"
"196030","ACE 일본TOPIX레버리지(H)","0"
"475270","ACE 5월만기자동연장회사채AA-이상액티브","0"
"610047","메리츠 인버스 국채3년 ETN","0"
"610018","메리츠 국채10년 ETN","0"
"404540","TIGER KRX기후변화솔루션","0"
"610029","메리츠 인버스 2X 구리 선물 ETN(H)","0"
"550070","QV 인버스 레버리지 구리 선물 ETN(H)","0"
"438560","SOL 국고채3년","0"
"381560","HANARO Fn전기&수소차","0"
"610036","메리츠 인버스 2X 대표 농산물 선물 ETN(H)","0"
"266410","KODEX 필수소비재","0"
"277540","ACE 아시아TOP50S&P","0"
"377990","TIGER Fn신재생에너지","0"
"030790","비케이탑스","500"
"352560","KODEX 다우존스미국리츠(H)","0"
"456250","KODEX 유럽명품TOP10 STOXX","0"
"449770","KOSEF 미국S&P500","0"
"168490","한국패러랠","0"
"580034","KB 레버리지 FANG 플러스 ETN(H)","0"
"520037","미래에셋 코스피200 선물 ETN","0"
"700012","하나 인버스 2X 옥수수 선물 ETN(H)","0"
"114460","ACE 국고채3년","0"
"289260","TIGER MSCI KOREA ESG리더스","0"
"139220","TIGER 200 건설","0"
"33637","솔루스첨단소재2우B","100"
"001795","대한제당우","500"
"453950","TIGER TSMC밸류체인FACTSET","0"
"411050","ACE 글로벌메타버스테크액티브","0"
"447430","ACE 주주환원가치주액티브","0"
"469150","ACE AI반도체포커스","0"
"364990","TIGER 게임TOP10","0"
"520068","미래에셋 2X 홍콩H 선물 ETN","0"
"251600","ARIRANG 고배당주채권혼합","0"
"453080","KOSEF 미국나스닥100(H)","0"
"000087","하이트진로2우B","5,000"
"500013","신한 옥수수 선물 ETN(H)","0"
"429760","ARIRANG 미국S&P500","0"
"211560","TIGER 배당성장","0"
"610003","메리츠 미국 인플레이션 국채 ETN(H)","0"
"550074","QV 블룸버그 2X 천연가스 선물 ETN(H)","0"
"265690","ACE 러시아MSCI(합성)","0"
"464600","SOL 자동차소부장Fn","0"
"530082","삼성 인버스 2X 항셍테크 ETN(H)","0"
"433970","KODEX TDF2030액티브","0"
"400590","SOL 글로벌탄소배출권선물ICE(합성)","0"
"376410","TIGER 탄소효율그린뉴딜","0"
"570060","한투 인버스 2X 금 선물 ETN","0"
"475380","KBSTAR 글로벌리얼티인컴","0"
"223190","KODEX 200가치저변동","0"
"580044","KB 인버스 2X KOSDAQ 150 선물 ETN","0"
"510027","대신 인버스 2X 코스닥 150 선물 ETN","0"
"500040","신한 레버리지 구리 선물 ETN","0"
"004835","덕성우","500"
"004105","태양금속우","500"
"337150","KODEX 200exTOP","0"
"476800","KODEX 한국부동산리츠인프라","0"
"396520","TIGER 차이나반도체FACTSET","0"
"570066","한투 인버스 2X 베트남 VN30 선물 ETN(H)","0"
"500014","신한 인버스 옥수수 선물 ETN(H)","0"
"580048","KB CSI 300 ETN","0"
"457700","KODEX 53-09 국고채액티브","0"
"520064","미래에셋 2X 미국채울트라30년 선물 ETN","0"
"570054","한투 레버리지 유로스탁스50 ETN(H) B","0"
"250780","TIGER 코스닥150선물인버스","0"
"500028","신한 인버스 2X 다우존스지수 선물 ETN(H)","0"
"000075","삼양홀딩스우","5,000"
"570047","한투 FTSE100 ETN","0"
"570061","한투 레버리지 은 선물 ETN","0"
"448630","KBSTAR 삼성그룹Top3채권혼합블룸버그","0"
"182490","TIGER 단기선진하이일드(합성 H)","0"
"117460","KODEX 에너지화학","0"
"114470","KOSEF 국고채3년","0"
"570062","한투 인버스 2X 은 선물 ETN","0"
"316670","KOSEF 코스닥150","0"
"185680","KODEX 미국S&P바이오(합성)","0"
"580049","KB CSI 500 ETN","0"
"580055","KB 블룸버그 레버리지 천연가스 선물 ETN","0"
"570070","한투 인버스 2X 플래티넘 선물 ETN","0"
"570069","한투 레버리지 플래티넘 선물 ETN","0"
"550076","QV US 500 월간레버리지 ETN(H)","0"
"200030","KODEX 미국S&P500산업재(합성)","0"
"530114","삼성 인버스 2X S&P500 선물 ETN","0"
"468630","KODEX iShares미국투자등급회사채액티브","0"
"071950","코아스","500"
"445910","TIGER MKF배당귀족","0"
"465610","ACE 미국빅테크TOP7 Plus레버리지(합성)","0"
"418670","TIGER 글로벌사이버보안INDXX","0"
"580014","KB 인버스 2X 나스닥 100 ETN","0"
"008500","일정실업","5,000"
"407820","에셋플러스 코리아플랫폼액티브","0"
"461490","KBSTAR 글로벌자산배분액티브","0"
"610013","메리츠 인버스 2X 금 선물 ETN(H)","0"
"217780","TIGER 차이나CSI300인버스(합성)","0"
"520046","미래에셋 레버리지 옥수수 선물 ETN","0"
"570072","한투 레버리지 구리 선물 ETN","0"
"415340","KODEX 차이나과창판STAR50(합성)","0"
"500063","신한 인버스 코스닥 150 선물 ETN","0"
"510038","대신 인버스 2X 철광석 선물 ETN(H)","0"
"306950","KODEX KRX300레버리지","0"
"520040","미래에셋 인버스 코스닥150 선물 ETN","0"
"550063","QV 인버스 레버리지 금 선물 ETN(H)","0"
"167860","KOSEF 국고채10년레버리지","0"
"580039","KB 레버리지 KOSPI 200 선물 ETN","0"
"610025","메리츠 인버스 2X 미국채10년 ETN(H)","0"
"45014","코오롱모빌리티그룹우","500"
"004255","NPC우","500"
"225800","KOSEF 미국달러선물레버리지","0"
"000885","한화우","5,000"
"500041","신한 인버스 2X 구리 선물 ETN","0"
"230480","KOSEF 미국달러선물인버스2X","0"
"137610","TIGER 농산물선물Enhanced(H)","0"
"463250","TIGER 스페이스테크iSelect","0"
"570065","한투 레버리지 베트남 VN30 선물 ETN(H)","0"
"183700","KBSTAR 채권혼합","0"
"271060","KODEX 3대농산물선물(H)","0"
"195970","ARIRANG 선진국MSCI(합성 H)","0"
"445690","BNK 주주가치액티브","0"
"610016","메리츠 레버리지 은 선물 ETN(H)","0"
"468380","KODEX iShares미국하이일드액티브","0"
"181480","ACE 미국다우존스리츠(합성 H)","0"
"610035","메리츠 레버리지 대표 농산물 선물 ETN(H)","0"
"700016","하나 S&P 인버스 2X WTI원유 선물 ETN","0"
"550064","QV 레버리지 은 선물 ETN(H)","0"
"610040","메리츠 인버스 2X 미국채30년 ETN(H)","0"
"550065","QV 인버스 레버리지 은 선물 ETN(H)","0"
"337140","KODEX 코스피대형주","0"
"580037","KB S&P 인버스 2X WTI원유 선물 ETN","0"
"550072","QV 블룸버그 -2X WTI원유선물 ETN","0"
"241390","KBSTAR V&S셀렉트밸류채권혼합","0"
"500066","신한 블룸버그 인버스 2X WTI원유 선물 ETN","0"
"610017","메리츠 인버스 2X 은 선물 ETN(H)","0"
"139270","TIGER 200 금융","0"
"530076","삼성 인버스 2X HSCEI ETN(H)","0"
"253290","KBSTAR 헬스케어채권혼합","0"
"580052","KB 인버스 2X 밀 선물 ETN","0"
"471040","KoAct 글로벌AI&로봇액티브","0"
"252410","KBSTAR 200선물인버스","0"
"530074","삼성 인버스 HSCEI ETN(H)","0"
"610004","메리츠 미국레버리지 인플레이션국채ETN(H)","0"
"217770","TIGER 원유선물인버스(H)","0"
"002025","코오롱우","5,000"
"267440","KBSTAR 미국장기국채선물(H)","0"
"610010","메리츠 인버스 2X 국채30년 ETN","0"
"140910","에이리츠","5,000"
"18064","한진칼우","2,500"
"530063","삼성 레버리지 구리 선물 ETN(H)","0"
"550069","QV 레버리지 구리 선물 ETN(H)","0"
"100910","KOSEF KRX100","0"
"530064","삼성 인버스 2X 구리 선물 ETN(H)","0"
"469060","KBSTAR 미국반도체NYSE","0"
"610028","메리츠 레버리지 구리 선물 ETN(H)","0"
"700009","하나 레버리지 구리 선물 ETN(H)","0"
"291130","ACE 멕시코MSCI(합성)","0"
"700011","하나 레버리지 옥수수 선물 ETN(H)","0"
"500003","신한 인버스 WTI원유 선물 ETN(H)","0"
"463680","KODEX 미국S&P500테크놀로지","0"
"245350","TIGER 유로스탁스배당30","0"
"610042","메리츠 블룸버그 인버스 2X WTI선물 ETN(H)","0"
"438100","ACE 미국나스닥100채권혼합액티브","0"
"500024","신한 인버스 콩 선물 ETN(H)","0"
"453640","KODEX 미국S&P500헬스케어","0"
"520060","미래에셋 FnGuide 부산엑스포 추가수익 ETN","0"
"469790","KOSEF K-테크TOP10","0"
"570055","한투 금 선물 ETN","0"
"440650","ACE 미국달러단기채권액티브","0"
"570092","한투 인버스 2X 유로스탁스50 ETN(H) B","0"
"395280","HANARO Fn K-게임","0"
"140710","KODEX 운송","0"
"38380","LX홀딩스1우","1,000"
"500065","신한 블룸버그 레버리지 WTI원유 선물 ETN","0"
"464610","SOL 의료기기소부장Fn","0"
"213630","ARIRANG 미국다우존스고배당주(합성 H)","0"
"550071","QV 블룸버그 2X WTI원유선물 ETN","0"
"700015","하나 S&P 레버리지 WTI원유 선물 ETN","0"
"510015","대신 밀 선물 ETN(H)","0"
"401590","HANARO 글로벌탄소배출권선물ICE(합성)","0"
"520061","미래에셋 인도네시아 Top5 ETN","0"
"570053","한투 인버스 플래티넘 선물 ETN","0"
"550061","QV 인버스 미국 IT TOP5 ETN(H)","0"
"411720","KBSTAR 글로벌메타버스Moorgate","0"
"280320","ACE 미국IT인터넷S&P(합성 H)","0"
"390950","HANARO 단기채권액티브","0"
"354240","KBSTAR 미국고정배당우선증권ICE TR","0"
"510016","대신 천연가스 선물 ETN(H)","0"
"530077","삼성 나스닥 100 ETN(H)","0"
"295020","KBSTAR 국채선물10년인버스","0"
"001067","JW중외제약2우B","2,500"
"530080","삼성 인버스 항셍테크 ETN(H)","0"
"610024","메리츠 인버스 미국채10년 ETN(H)","0"
"300610","TIGER K게임","0"
"610039","메리츠 인버스 미국채30년 ETN(H)","0"
"610009","메리츠 인버스 국채30년 ETN","0"
"453650","KODEX 미국S&P500금융","0"
"471780","TIGER 코리아테크액티브","0"
"530116","삼성 인버스 2X 나스닥 100 ETN","0"
"610041","메리츠 블룸버그 레버리지 WTI선물 ETN(H)","0"
"104530","KOSEF 고배당","0"
"000225","유유제약1우","1,000"
"580036","KB S&P 레버리지 WTI원유 선물 ETN(H)","0"
"580019","KB 인버스 2X 항셍테크 선물 ETN","0"
"453060","HANARO KOFR금리액티브(합성)","0"
"500011","신한 달러인덱스 선물 ETN(H)","0"
"580022","KB 레버리지 금 선물 ETN(H)","0"
"435040","ACE 글로벌브랜드TOP10블룸버그","0"
"140950","파워 코스피100","0"
"292730","FOCUS KRX300","0"
"352540","KODEX TSE일본리츠(H)","0"
"530105","삼성 인버스 2X 코스피200 선물 ETN","0"
"500006","신한 인버스 금 선물 ETN(H)","0"
"292500","SOL KRX300","0"
"510017","대신 2X 철광석 선물 ETN(H)","0"
"500070","신한 인버스 2X 코스피 200 선물 ETN","0"
"138530","TIGER LG그룹+펀더멘털","0"
"550078","QV S&P500 버퍼10% 6월 ETN(H)","0"
"289040","KODEX MSCI KOREA ESG유니버설","0"
"447660","ARIRANG Apple채권혼합Fn","0"
"550043","QV 인버스 레버리지 WTI원유 선물 ETN(H)","0"
"530112","삼성 S&P500 ETN","0"
"570058","한투 인버스 은 선물 ETN","0"
"550079","QV S&P500 버퍼10% 12월 ETN(H)","0"
"467620","히어로즈 25-09 미국채권(AA-이상)액티브","0"
"510039","대신 3X 레버리지 국채30년 ETN","0"
"472840","ITF 200","0"
"610011","메리츠 금 선물 ETN(H)","0"
"550077","QV S&P500 버퍼10% 3월 ETN(H)","0"
"500002","신한 USD K200 선물 바이셀 ETN","0"
"530083","삼성 금 선물 ETN(H)","0"
"500008","신한 인버스 구리 선물 ETN(H)","0"
"580054","KB 인버스 2X 콩 선물 ETN","0"
"276000","TIGER 글로벌자원생산기업(합성 H)","0"
"500056","신한 레버리지 Russell 2000 ETN","0"
"570100","한투 일본종합상사TOP5 ETN","0"
"195920","TIGER 일본TOPIX(합성 H)","0"
"461450","KODEX 코스닥글로벌","0"
"422260","VITA MZ소비액티브","0"
"449540","SOL 24-06 국고채액티브","0"
"530109","삼성 S&P500 VIX S/T 선물 ETN","0"
"365040","TIGER AI코리아그로스액티브","0"
"500086","신한 코스닥 150 TR ETN","0"
"550081","QV S&P500 VIX S/T 선물 ETN D","0"
"610050","메리츠 레버리지 국채5년 ETN","0"
"580047","KB 레버리지 항셍테크 선물 ETN(H) B","0"
"371150","KBSTAR 차이나항셍테크","0"
"700014","하나 인버스 2X 콩 선물 ETN(H)","0"
"471290","HANARO CD금리액티브(합성)","0"
"570099","한투 S&P 인버스 2X 엔달러 선물 ETN(H)","0"
"430500","KOSEF 물가채KIS","0"
"463690","KODEX 미국S&P500통신서비스","0"
"465670","TIGER 미국캐시카우100","0"
"473590","ACE 미국주식베스트셀러","0"
"610027","메리츠 인버스 구리 선물 ETN(H)","0"
"475310","SOL 반도체후공정","0"
"530062","삼성 인버스 2X 은 선물 ETN(H)","0"
"005725","넥센우","500"
"530096","삼성 인버스 구리 선물 ETN(H)","0"
"426020","TIMEFOLIO 미국S&P500액티브","0"
"610049","메리츠 국채5년 ETN","0"
"570096","한투 인버스 2X 일본 엔선물 ETN","0"
"375760","HANARO 탄소효율그린뉴딜","0"
"610046","메리츠 레버리지 국채3년 ETN","0"
"520052","미래에셋 천연가스 선물 ETN(H)","0"
"610021","메리츠 인버스 2X 국채10년 ETN","0"
"403790","마이다스 KoreaStock액티브","0"
"138910","KODEX 구리선물(H)","0"
"610020","메리츠 인버스 국채10년 ETN","0"
"570056","한투 인버스 금 선물 ETN","0"
"550073","QV iSelect-WG 그린에너지 ESG ETN","0"
"500085","신한 코스피 200 TR ETN","0"
"225050","TIGER 유로스탁스레버리지(합성 H)","0"
"444490","WOORI 미국S&P500","0"
"461340","HANARO 글로벌생성형AI액티브","0"
"530117","삼성 코스피 200 TR ETN","0"
"610045","메리츠 국채3년 ETN","0"
"610070","메리츠 KAP 인버스 2X 일본 엔화 ETN","0"
"475350","KBSTAR 버크셔포트폴리오TOP10","0"
"461580","TIGER 코스닥글로벌","0"
"292050","KBSTAR KRX300","0"
"461600","SOL 미국30년국채액티브(H)","0"
"610055","메리츠 3X 레버리지 국채3년 ETN","0"
"102960","KODEX 기계장비","0"
"530092","삼성 인버스 코스피 200 선물 ETN","0"
"500036","신한 인버스 2X 미국달러 선물 ETN","0"
"449780","KOSEF 미국S&P500(H)","0"
"610057","메리츠 3X 레버리지 국채5년 ETN","0"
"500078","신한 S&P 유로 선물 ETN(H)","0"
"368680","KODEX Fn K-뉴딜디지털플러스","0"
"474920","에셋플러스 차이나일등기업포커스10액티브","0"
"45226","한화갤러리아우","500"
"310080","KBSTAR 중국MSCI China(H)","0"
"500080","신한 S&P 레버리지 유로 선물 ETN(H)","0"
"457690","KODEX 33-06 국고채액티브","0"
"449690","TIGER 한중반도체(합성)","0"
"610059","메리츠 3X 레버리지 국채10년 ETN","0"
"510033","대신 국채10년 ETN","0"
"292750","ARIRANG KRX300","0"
"292160","TIGER KRX300","0"
"500079","신한 S&P 인버스 유로 선물 ETN(H)","0"
"003075","코오롱글로벌우","5,000"
"530002","삼성 인버스 China A50 선물 ETN(H)","0"
"570057","한투 은 선물 ETN","0"
"001065","JW중외제약우","2,500"
"451670","KBSTAR 국채30년레버리지KAP(합성)","0"
"500081","신한 S&P 인버스 2X 유로 선물 ETN(H)","0"
"570071","한투 구리 선물 ETN","0"
"510035","대신 3X 레버리지 국채10년 ETN","0"
"610073","메리츠 KAP 인버스 2X 중국 위안화 ETN","0"
"453660","KODEX 미국S&P500경기소비재","0"
"510034","대신 인버스 국채10년 ETN","0"
"145850","TREX 펀더멘탈 200","0"
"466930","SOL 자동차TOP3플러스","0"
"610071","메리츠 KAP 중국 위안화 ETN","0"
"145995","삼양사우","5,000"
"570064","한투 인버스 베트남 VN30 선물 ETN(H)","0"
"476030","SOL 미국나스닥100","0"
"453630","KODEX 미국S&P500필수소비재","0"
"474390","SOL 국고채30년액티브","0"
"610072","메리츠 KAP 레버리지 중국 위안화 ETN","0"
"610051","메리츠 인버스 국채5년 ETN","0"
"580033","KB 인버스 2X 구리 선물 ETN(H)","0"
"610056","메리츠 인버스 3X 국채3년 ETN","0"
"570077","한투 블룸버그 WTI원유 선물 ETN","0"
"610058","메리츠 인버스 3X 국채5년 ETN","0"
"476310","KBSTAR 글로벌비만산업TOP2+","0"
"139240","TIGER 200 철강소재","0"
"433220","에셋플러스 글로벌대장장이액티브","0"
"475050","ACE KPOP포커스","0"
"152500","ACE 레버리지","0"
"530098","삼성 블룸버그 WTI원유 선물 ETN","0"
"610068","메리츠 KAP 일본 엔화 ETN","0"
"570085","한투 블룸버그 인도네시아 대표원자재 ETN","0"
"610048","메리츠 인버스 2X 국채3년 ETN","0"
"610015","메리츠 인버스 은 선물 ETN(H)","0"
"610014","메리츠 은 선물 ETN(H)","0"
"429010","TIGER 미국나스닥넥스트100","0"
"530089","삼성 은 선물 ETN(H)","0"
"449580","KBSTAR 미국빅데이터Top3채권혼합iSelect","0"
"510036","대신 인버스 3X 국채10년 ETN","0"
"530090","삼성 인버스 은 선물 ETN(H)","0"
"610069","메리츠 KAP 레버리지 일본 엔화 ETN","0"
"570094","한투 일본 엔선물 ETN C","0"
"441330","KOSEF 차이나A50커넥트MSCI","0"
"520062","미래에셋 인도네시아 금속&에너지 Top5 ETN","0"
"500055","신한 인버스 Russell 2000 ETN","0"
"091220","TIGER 은행","0"
"610060","메리츠 인버스 3X 국채10년 ETN","0"
"570097","한투 S&P 엔달러 선물 ETN(H)","0"
"610034","메리츠 대표 농산물 선물 ETN(H)","0"
"267490","KBSTAR 미국장기국채선물레버리지(합성 H)","0"
"610052","메리츠 인버스 2X 국채5년 ETN","0"
"417450","KBSTAR 글로벌수소경제Indxx","0"
"004985","성신양회우","5,000"
"225130","ACE 골드선물 레버리지(합성 H)","0"
"570063","한투 베트남 VN30 선물 ETN(H)","0"
"442090","에셋플러스 코리아대장장이액티브","0"
"460960","ACE 글로벌인컴TOP10 SOLACTIVE","0"
"610026","메리츠 구리 선물 ETN(H)","0"
"610019","메리츠 레버리지 국채10년 ETN","0"
"108590","TREX 200","0"
"459560","KODEX 테슬라밸류체인FactSet","0"
"530084","삼성 인버스 금 선물 ETN(H)","0"
"550080","QV US 500 ETN(H)","0"
"463640","KODEX 미국S&P500유틸리티","0"
"530095","삼성 구리 선물 ETN(H)","0"
"139660","KOSEF 미국달러선물인버스","0"
"471460","히어로즈 국고채30년액티브","0"
"520043","미래에셋 S&P 유럽탄소배출권 선물 ETN","0"
"252000","TIGER 200동일가중","0"
"399580","KBSTAR 글로벌클린에너지S&P","0"
"131890","ACE 삼성그룹동일가중","0"
"475300","SOL 반도체전공정","0"
"433980","KODEX TDF2040액티브","0"
"455660","ACE 미국하이일드액티브(H)","0"
"500007","신한 인버스 은 선물 ETN(H)","0"
"00806","대덕1우","500"
"448570","FOCUS AI코리아액티브","0"
"472720","TRUSTON 주주가치액티브","0"
"459790","히어로즈 미국성장기업30액티브","0"
"500012","신한 인버스 달러인덱스 선물 ETN(H)","0"
"530060","삼성 코스피 양매도 5% OTM ETN","0"
"229720","KODEX KTOP30","0"
"390400","KODEX 미국스마트모빌리티S&P","0"
"570095","한투 레버리지 일본 엔선물 ETN C","0"
"001515","SK증권우","500"
"446690","KODEX 아시아반도체공급망exChina액티브","0"
"464060","HANARO 글로벌반도체TOP10 SOLACTIVE","0"
"570098","한투 S&P 레버리지 엔달러 선물 ETN(H)","0"
"570052","한투 플래티넘 선물 ETN","0"
"156080","KODEX MSCI Korea","0"
"460270","히어로즈 미국달러SOFR금리액티브(합성)","0"
"253150","ARIRANG 200선물레버리지","0"
"385710","TIMEFOLIO 이노베이션액티브","0"
"610030","메리츠 S&P 유럽탄소배출권 선물 ETN(H)","0"
"319870","KBSTAR KRX300미국달러선물혼합","0"
"570074","한투 S&P 유럽탄소배출권 선물 ETN(H)","0"
"272230","ACE 스마트밸류","0"
"467540","KOSEF 코스닥글로벌","0"
"550083","QV iSelect 배터리 재활용 Top10 ETN","0"
"226980","KODEX 200 중소형","0"
"360150","KODEX 코스닥150롱코스피200숏선물","0"
"290080","KBSTAR 200고배당커버드콜ATM","0"
"253250","KOSEF 200선물레버리지","0"
"434730","HANARO 원자력iSelect","0"
"253280","KBSTAR 헬스케어","0"
"760006","키움 KPOP ETN","0"
"449680","TIGER 한중전기차(합성)","0"
"475070","KoAct 글로벌기후테크인프라액티브","0"
"570091","한투 인버스 유로스탁스50 ETN(H) C","0"
"400580","SOL 유럽탄소배출권선물S&P(H)","0"
"476260","HANARO 반도체핵심공정주도주","0"
"225060","TIGER 이머징마켓MSCI레버리지(합성 H)","0"
"275290","KODEX MSCI밸류","0"
"460660","KBSTAR 미국S&P배당킹","0"
"26490","크라운제과우","200"
"510040","대신 인버스 3X 국채30년 ETN","0"
"580053","KB 레버리지 콩 선물 ETN","0"
"322130","ACE 스마트로우볼","0"
"428560","KODEX 미국ETF산업Top10 Indxx","0"
"610007","메리츠 국채30년 ETN","0"
"457930","BNK 미래전략기술액티브","0"
"174350","TIGER 로우볼","0"
"183710","KBSTAR 주식혼합","0"
"333970","ARIRANG KS밸류가중TR","0"
"610037","메리츠 미국채30년 ETN(H)","0"
"473640","HANARO 글로벌금채굴기업","0"
"444200","SOL KEDI메가테크액티브","0"
"261060","TIGER 코스닥150IT","0"
"333950","ARIRANG KS로우사이즈가중TR","0"
"452440","VITA 밸류알파액티브","0"
"438740","마이다스 KoreaStock중소형액티브","0"
"476760","ACE 미국30년국채액티브","0"
"476750","ACE 미국30년국채엔화노출액티브(H)","0"
"500030","신한 인버스 2X 은 선물 ETN(H)","0"
"159800","마이티 코스피100","0"
"346000","HANARO KAP초장기국고채","0"
"462340","에셋플러스 글로벌다이나믹시니어액티브","0"
"333960","ARIRANG KS모멘텀가중TR","0"
"510022","대신 S&P WTI원유 선물 ETN","0"
"459370","SOL 유럽탄소배출권선물인버스ICE(H)","0"
"322120","ACE 스마트퀄리티","0"
"000325","노루홀딩스우","500"
"261110","TIGER 미국달러선물레버리지","0"
"364690","KODEX 혁신기술테마액티브","0"
"375270","KBSTAR 글로벌데이터센터리츠나스닥(합성)","0"
"433500","ACE 원자력테마딥서치","0"
"468370","KODEX iShares미국인플레이션국채액티브","0"
"192720","파워 고배당저변동성","0"
"272220","ACE 스마트모멘텀","0"
"432600","KBSTAR 국채선물3년","0"
"269370","TIGER S&P글로벌인프라(합성)","0"
"36328","티와이홀딩스우","500"
"475720","KBSTAR 200위클리커버드콜","0"
"456200","ARIRANG 미국달러SOFR금리액티브(합성)","0"
"610062","메리츠 인버스 3X 국채30년 ETN","0"
"104520","KOSEF 블루칩","0"
"304670","KODEX 미국채울트라30년선물인버스(H)","0"
"139320","TIGER 금은선물(H)","0"
"469160","ACE 일본반도체","0"
"580030","KB KOSDAQ 150 선물 ETN","0"
"530094","삼성 인버스 코스닥 150 선물 ETN","0"
"432840","HANARO 미국S&P500","0"
"275280","KODEX MSCI모멘텀","0"
"001755","한양증권우","5,000"
"228820","TIGER KTOP30","0"
"270800","KBSTAR KQ고배당","0"
"333940","ARIRANG KS로우볼가중TR","0"
"580023","KB 인버스 2X 금 선물 ETN(H)","0"
"244620","KODEX 모멘텀Plus","0"
"307510","TIGER 의료기기","0"
"510037","대신 S&P 2X 천연가스 선물 ETN B","0"
"413930","WOORI AI ESG액티브","0"
"610032","메리츠 CSI 300 ETN","0"
"580029","KB 인버스 KOSPI 200 선물 ETN","0"
"379790","KBSTAR 유로스탁스50(H)","0"
"419420","KODEX 미국클린에너지나스닥","0"
"424460","HANARO 글로벌워터MSCI(합성)","0"
"450190","KODEX 한중반도체(합성)","0"
"333980","ARIRANG KS퀄리티가중TR","0"
"448100","WOORI 200","0"
"500010","신한 인버스 다우존스지수 선물 ETN(H)","0"
"404650","SOL KRX기후변화솔루션","0"
"234310","KBSTAR V&S셀렉트밸류","0"
"227570","TIGER 우량가치","0"
"530078","삼성 인버스 나스닥 100 ETN(H)","0"
"237440","TIGER 경기방어채권혼합","0"
"500067","신한 레버리지 10년 국채선물 ETN","0"
"476000","UNICORN 포스트IPO액티브","0"
"580026","KB 레버리지 은 선물 ETN(H)","0"
"530056","삼성 인버스 2X 금 선물 ETN(H)","0"
"580027","KB 인버스 2X 은 선물 ETN(H)","0"
"461910","ARIRANG 미국테크10레버리지iSelect(합성)","0"
"153270","KOSEF 코스피100","0"
"225030","TIGER 미국S&P500선물인버스(H)","0"
"367740","HANARO Fn5G산업","0"
"205720","ACE 일본TOPIX인버스(합성 H)","0"
"500068","신한 인버스 2X 10년 국채선물 ETN","0"
"380340","ACE Fn5G플러스","0"
"147970","TIGER 모멘텀","0"
"410870","TIMEFOLIO K컬처액티브","0"
"189400","ARIRANG 글로벌MSCI(합성 H)","0"
"331910","KOSEF Fn중소형","0"
"090355","노루페인트우","500"
"227830","ARIRANG 코스피","0"
"008355","남선알미우","500"
"419650","ARIRANG 글로벌수소&차세대연료전지MV","0"
"460280","KOSEF Fn유전자혁신기술","0"
"580032","KB 레버리지 구리 선물 ETN(H)","0"
"269530","ARIRANG S&P글로벌인프라","0"
"305050","ACE 코스피","0"
"580050","KB STAR 50 ETN","0"
"570023","한투 인버스 2X S&P500 선물 ETN(H)","0"
"466810","BNK 2차전지양극재","0"
"253160","ARIRANG 200선물인버스2X","0"
"304760","HANARO KRX300","0"
"450120","KOSEF SK그룹대표주","0"
"580017","KB 인버스 2X S&P 500 선물 ETN","0"
"404470","HANARO KRX기후변화솔루션","0"
"435550","히어로즈 TDF2050액티브","0"
"403990","KBSTAR KRX기후변화솔루션","0"
"105780","KBSTAR 5대그룹주","0"
"404120","TIMEFOLIO 탄소중립액티브","0"
"322150","ACE 스마트하이베타","0"
"402520","FOCUS 혁신기업액티브","0"
"166400","TIGER 200커버드콜5%OTM","0"
"580035","KB S&P 유럽탄소배출권 선물 ETN(H)","0"
"007575","일양약품우","2,500"
"252650","KODEX 200동일가중","0"
"253230","KOSEF 200선물인버스2X","0"
"014825","동원시스템즈우","5,000"
"371130","ACE 베트남VN30선물블룸버그레버리지(H)","0"
"289250","TIGER MSCI KOREA ESG유니버설","0"
"279540","KODEX 최소변동성","0"
"469530","KBSTAR 미국달러선물인버스","0"
"337120","KODEX Fn멀티팩터","0"
"415760","SOL 차이나육성산업액티브(합성)","0"
"292770","KODEX 국채선물3년인버스","0"
"176950","KODEX 국채선물10년인버스","0"
"429740","ARIRANG K리츠Fn","0"
"580028","KB KOSPI 200 선물 ETN","0"
"473380","HANARO K-메디테크","0"
"285690","FOCUS ESG리더스","0"
"442570","KBSTAR TDF2050액티브","0"
"138920","KODEX 콩선물(H)","0"
"438210","ARIRANG 글로벌인공지능산업MV","0"
"450180","KODEX 한중전기차(합성)","0"
"451150","에셋플러스 글로벌영에이지액티브","0"
"610023","메리츠 레버리지 미국채10년 ETN(H)","0"
"474800","KOSEF 미국원유에너지기업","0"
"700025","하나 블룸버그 2X 천연가스 선물 ETN(H) B","0"
"139290","TIGER 200 경기소비재","0"
"251590","ARIRANG 고배당저변동50","0"
"006345","대원전선우","500"
"402460","HANARO Fn K-메타버스MZ","0"
"459750","KBSTAR 글로벌주식분산액티브","0"
"610067","메리츠 블룸버그 2X 천연가스선물 ETN(H) B","0"
"456100","HANARO 유로존국채25년플러스(합성 H)","0"
"440910","WOORI 미국S&P우주항공&디펜스","0"
"436180","ARIRANG K-유니콘투자기업액티브","0"
"429990","SOL 한국형글로벌플랫폼&메타버스액티브","0"
"277640","TIGER 코스피대형주","0"
"442580","ARIRANG 글로벌D램반도체iSelect","0"
"005745","크라운해태홀딩스우","500"
"580040","KB 인버스 2X KOSPI 200 선물 ETN","0"
"438900","HANARO Fn K-푸드","0"
"500057","신한 인버스 2X Russell 2000 ETN","0"
"435540","히어로즈 TDF2040액티브","0"
"307010","KBSTAR KRX300레버리지","0"
"437370","KBSTAR 글로벌농업경제MV","0"
"143460","ACE 밸류대형","0"
"289670","ARIRANG 국채선물10년","0"
"316300","ACE 싱가포르리츠","0"
"373530","ARIRANG 신흥국MSCI인버스(합성 H)","0"
"00781","코리아써키트2우B","500"
"140580","KBSTAR 우량업종대표주","0"
"004545","깨끗한나라우","1,000"
"314700","HANARO 농업융복합산업","0"
"435530","히어로즈 TDF2030액티브","0"
"277650","TIGER 코스피중형주","0"
"442560","KBSTAR TDF2040액티브","0"
"285000","KBSTAR 200IT","0"
"117690","TIGER 차이나항셍25","0"
"394340","KOSEF 글로벌디지털경제","0"
"226380","ACE Fn성장소비주도주","0"
"000145","하이트진로홀딩스우","5,000"
"700018","하나 인버스 2X 코스닥150 선물 ETN","0"
"219900","ACE 중국본토CSI300레버리지(합성)","0"
"280920","ARIRANG 주도업종","0"
"291890","KODEX MSCI EM선물(H)","0"
"442550","KBSTAR TDF2030액티브","0"
"429980","SOL 한국형글로벌전기차&2차전지액티브","0"
"298340","ARIRANG 국채선물3년","0"
"442320","KBSTAR 글로벌원자력iSelect","0"
"530073","삼성 HSCEI ETN(H)","0"
"261920","ACE 필리핀MSCI(합성)","0"
"457990","ARIRANG 태양광&ESS Fn","0"
"299070","ACE 국채선물10년인버스","0"
"275300","KODEX MSCI퀄리티","0"
"610033","메리츠 STAR 50 ETN","0"
"299080","ACE 국채선물3년인버스","0"
"610043","메리츠 천연가스 선물 ETN(H)","0"
"381570","HANARO Fn친환경에너지","0"
"570088","한투 S&P500 VIX S/T 선물 ETN(H)","0"
"437550","히어로즈 글로벌리츠이지스액티브","0"
"580031","KB 인버스 KOSDAQ150 선물 ETN","0"
"373790","KOSEF 미국방어배당성장나스닥","0"
"427110","KBSTAR Fn창업투자회사","0"
"014285","금강공업우","1,000"
"580051","KB 레버리지 밀 선물 ETN","0"
"373490","KODEX K-이노베이션액티브","0"
"334690","KBSTAR 팔라듐선물(H)","0"
"005965","동부건설우","5,000"
"105010","TIGER 라틴35","0"
"419170","HANARO 미국메타버스iSelect","0"
"291630","KOSEF 코스닥150선물레버리지","0"
"371870","ACE 차이나항셍테크","0"
"445950","KOSEF 차이나A50커넥트인버스MSCI(합성 H)","0"
"227550","TIGER 200 산업재","0"
"295820","ARIRANG 200동일가중","0"
"266390","KODEX 경기소비재","0"
"407160","MASTER 테크미디어텔레콤액티브","0"
"413220","SOL 차이나태양광CSI(합성)","0"
"530079","삼성 항셍테크 ETN(H)","0"
"280940","KODEX 골드선물인버스(H)","0"
"461900","ARIRANG 미국테크10iSelect","0"
"287310","KBSTAR 200경기소비재","0"
"429870","히어로즈 리츠이지스액티브","0"
"321410","KODEX 멀티에셋하이인컴(H)","0"
"465620","ACE 미국빅테크TOP7 Plus인버스(합성)","0"
"416090","ACE 중국과창판STAR50","0"
"428510","KODEX 차이나메타버스액티브","0"
"157500","TIGER 증권","0"
"315270","TIGER 200커뮤니케이션서비스","0"
"473500","KOSEF 글로벌전력반도체","0"
"433250","UNICORN R&D 액티브","0"
"391670","HK 베스트일레븐액티브","0"
"391680","HK 하이볼액티브","0"
"009415","태영건설우","500"
"000545","흥국화재우","5,000"
"301400","ARIRANG 코스닥150","0"
"281990","KBSTAR 중소형고배당","0"
"500051","신한 인버스 2X S&P500 선물 ETN","0"
"012205","계양전기우","500"
"140570","KBSTAR 수출주","0"
"266550","ARIRANG 중형주저변동50","0"
"306520","HANARO 200선물인버스","0"
"500038","신한 인버스 2X 금 선물 ETN","0"
"454180","KOSEF 차이나내수소비TOP CSI","0"
"432850","HANARO 글로벌백신치료제MSCI","0"
"238670","ARIRANG 스마트베타Quality채권혼합","0"
"244660","KODEX 퀄리티Plus","0"
"395760","ARIRANG ESG성장주액티브","0"
"284990","KBSTAR 200에너지화학","0"
"426330","KOSEF 미국ETF산업STOXX","0"
"004415","서울식품우","100"
"427120","KBSTAR Fn플랫폼테마","0"
"411860","KOSEF 독일DAX","0"
"011155","CJ씨푸드1우","500"
"407300","HANARO Fn골프테마","0"
"000227","유유제약2우B","1,000"
"256450","ARIRANG 심천차이넥스트(합성)","0"
"215620","HK S&P코리아로우볼","0"
"448510","HANARO 글로벌신재생에너지MSCI(합성)","0"
"570042","한투 인버스 나스닥 100 ETN","0"
"243890","TIGER 200에너지화학레버리지","0"
"445930","KOSEF 차이나A50커넥트레버리지MSCI(합성H)","0"
"520011","미래에셋 인버스 원유선물혼합 ETN(H)","0"
"014915","성문전자우","500"
"295000","KBSTAR 국채선물10년","0"
"002787","진흥기업2우B","500"
"002785","진흥기업우B","500"
"001525","동양우","500"
"002995","금호건설우","5,000"
"285010","KBSTAR 200중공업","0"
"001527","동양2우B","500"
"227560","TIGER 200 생활소비재","0"
"284980","KBSTAR 200금융","0"
"275750","KBSTAR 코스닥150선물인버스","0"
"407170","MASTER 스마트커머스액티브","0"
"285020","KBSTAR 200철강소재","0"
"510025","대신 S&P500 VIX S/T 선물 ETN","0"
"220130","SOL 차이나강소기업CSI500(합성 H)","0"
"098560","TIGER 방송통신","0"
"139310","TIGER 금속선물(H)","0"
"322410","HANARO 고배당","0"
"253240","KOSEF 200선물인버스","0"
"287300","KBSTAR 200건설","0"
"397420","KBSTAR 국채선물5년추종","0"
"306530","HANARO 코스닥150선물레버리지","0"
"291620","KOSEF 코스닥150선물인버스","0"
"472490","HANARO 미국애그테크","0"
"334700","KBSTAR 팔라듐선물인버스(H)","0"
"267500","KBSTAR 미국장기국채선물인버스2X(합성 H)","0"
"550045","QV 인버스 레버리지 S&P500 ETN","0"
"301410","ARIRANG 코스닥150선물인버스","0"
"415920","ARIRANG 글로벌희토류전략자원기업MV","0"
"433880","ARIRANG TDF2060액티브","0"
"291680","KBSTAR 차이나H선물인버스(H)","0"
"145670","ACE 인버스","0"
"391590","ACE 미국스팩&IPO INDXX","0"
"252720","KBSTAR 모멘텀밸류","0"
"433860","ARIRANG TDF2040액티브","0"
"426410","ARIRANG 미국대체투자Top10MV","0"
"252730","KBSTAR 모멘텀로우볼","0"
"530075","삼성 레버리지 HSCEI ETN(H)","0"
"500005","신한 인버스 브렌트원유 선물 ETN(H)","0"
"412560","TIGER BBIG레버리지","0"
"433850","ARIRANG TDF2030액티브","0"
"433870","ARIRANG TDF2050액티브","0"
"267450","KBSTAR 미국장기국채선물인버스(H)","0"
"315480","KBSTAR 200커뮤니케이션서비스","0"
"287330","KBSTAR 200생활소비재","0"
"368200","KBSTAR Fn K-뉴딜디지털플러스","0"
"287320","KBSTAR 200산업재","0"
